:020000040800F2
:10000000607C0020E1030008B5740008FB5700087D
:10001000716C00089F220008518F0008000000004A
:1000200000000000000000000000000021030008A4
:100030001D2C0008000000007D03000873830008E9
:10004000FB030008FB030008FB030008FB03000898
:10005000FB030008FB0300081F2C0008FB0300083B
:10006000FB030008FB030008FB030008FB03000878
:10007000FB030008FB030008FB030008FB03000868
:10008000FB030008FB030008FB030008FB03000858
:10009000FB030008FB030008FB030008FB03000848
:1000A000FB030008FB030008FB030008FB03000838
:1000B00031840008FB030008FB030008FB03000871
:1000C000FB030008FB030008FB030008FB03000818
:1000D000FB0300088D8D0008FB030008FB030008EC
:1000E000FB030008FB030008FB030008FB030008F8
:1000F000FB030008FB030008FB030008FB030008E8
:10010000FB030008FB030008FB030008FB030008D7
:10011000FB030008FB030008FB030008FB030008C7
:10012000FB030008FB0300086D2B0008FB0300081D
:10013000FB030008FB030008FB030008FB030008A7
:10014000A1220008AD220008FB030008FB03000801
:10015000FB030008FB030008FB030008FB03000887
:10016000FB030008FB030008FB030008FB03000877
:10017000FB030008FB030008FB030008000000006D
:10018000FB030008FB03000800F002F800F0B8F8D9
:100190000AA090E8000C82448344AAF10107DA45E2
:1001A00001D100F0ADF8AFF2090EBAE80F0013F07C
:1001B000010F18BFFB1A43F00103184710C50000D8
:1001C00030C500000A444FF0000C10F8013B13F05A
:1001D000070408BF10F8014B1D1108BF10F8015BA0
:1001E000641E05D010F8016B641E01F8016BF9D193
:1001F00013F0080F1EBF10F8014BAD1C0C1B09D1EA
:100200006D1E58BF01F801CBFAD505E014F8016B5B
:1002100001F8016B6D1EF9D59142D6D370470000ED
:100220000023002400250026103A28BF78C1FBD8FF
:10023000520728BF30C148BF0B6070476E2900F0DD
:100240003385702900F07D8666290BF0608665296C
:100250000BF05D8667290BF05A8661290BF05986F1
:1002600003681B0A28BF41F08001692900F0F4816E
:10027000642900F0F181752900F0EE816F2900F00A
:100280000A86782900F04986E92900F0A585E42945
:1002900000F0A285F52900F09F85EF2900F0078680
:1002A000F82900F048860368DB0928BF41F0800187
:1002B000632901F05582732901F05A82E32901F084
:1002C0006582F32901F06A82002070471FB50BF0A8
:1002D00019FE9DE8030000F0E9FB01F0B9FA040003
:1002E000002000210BF0F8FD401C60600020002180
:1002F0000BF0DCFDE0601FBD10B501F0ADFA10BDE4
:1003000001F078FA1146FFF7E1FF09F047FF01F02D
:100310005DFB03B4FFF7F0FF03BC01F08DFB0000B1
:100320002C4B19680868B0E8F04F80F30988BFF3D8
:100330006F8F4FF0000080F31188704700000000BD
:1003400008480068006880F308884FF0000080F3D8
:10035000148862B661B6BFF34F8FBFF36F8F00DFB3
:1003600000BF00BF08ED00E0DFF80C00016841F4B9
:1003700070010160704700BF88ED00E0EFF3098075
:10038000BFF36F8F134B1A681EF0100F08BF20EDDC
:10039000108A20E9F04F106009B44FF0500080F34C
:1003A0001188BFF34F8FBFF36F8F0AF0E7FF4FF055
:1003B000000080F3118809BC19680868B0E8F04FA4
:1003C0001EF0100F08BFB0EC108A80F30988BFF34D
:1003D0006F8F704718000020EFF305807047000012
:1003E0000948804709480047FEE7FEE7FEE7FEE7C9
:1003F000FEE7FEE7FEE7FEE7FEE7FEE70448054905
:10040000054A064B70470000218400088901000856
:1004100060640020607C0020607400206074002014
:100420000B3020F0070070472DE9F04117460E46CB
:100430000446FFF7F5FFA042054633D9002F1CBF45
:1004400006F10C0009F004FE30467468F4B121682E
:10045000A94217D305F1080291423CBF616841608F
:1004600007D3626861194A602268521B0A604160C2
:100470002560002F1CBF06F10C0009F043FE201D73
:10048000BDE8F08120466468002CE0D12946304662
:1004900000F0F8FA0028D7D1002F1CBF06F10C009D
:1004A00009F030FE0020BDE8F08110B5044600F0F0
:1004B000E1FA01682046BDE810400122B4E770B5BA
:1004C00016460D46041F002808BF70BD002E1CBF35
:1004D00005F10C0009F0BCFD2B465868002818BF38
:1004E000A04238BF0346F8D31968CA18A24218BF01
:1004F0005C6003D122681C461144196021680A1906
:10050000824218BF606004D142686260006808449B
:100510002060002E1CBF05F10C0009F0F3FD70BD3A
:1005200010B5044600F0A6FA01682046BDE8104068
:100530000122C4E753EA020C00F069802DE9F04B78
:100540004FF00006002B1FBFB3FA83F503FA05F442
:1005500024FA05F65E4012BF1643B2FA82F502FA9B
:1005600005F4C5F120051EBF22FA05FC44EA0C047F
:10057000203556EA044C4FEA144418BF641C4FF06F
:1005800000084FF00009904271EB030C39D30029A9
:1005900019BFB1FA81F701FA07F6B0FA80F700FA4D
:1005A00007F6C7F120071EBF20FA07FC46EA0C0633
:1005B0002037B6FBF4FCA7EB0507103F07F01F0B35
:1005C000CBF120060CFA0BFB2CFA06F644BFB3461F
:1005D0000026202FA4BF5E464FF0000B5BEA060CFE
:1005E00008BF4FF0010B19EB0B09ABFB027C48EB8A
:1005F0000608C01B06FB02CC0BFB03CC71EB0C0105
:10060000C1E70B46024641464846BDE8F08B13B5AC
:100610004FF000004FF00001AFF30080BDE81C4038
:10062000704700007CB51D4616460C00009001D0B6
:100630002044401E074B7B442A46694601903046C1
:1006400000F04BFB05461CB10020694600F058FB4A
:1006500028467CBDD10600002DE9F0410646002465
:1006600010687529314616A510D000F089FA0028C7
:1006700002DA404213A507E031688A0701D512A5C6
:1006800002E0490704D511A5012401E000F081FA38
:1006900000210A2206F1240709E0B0FBF2FCB0FBBE
:1006A000F2F302FB1C00303078541846491C002835
:1006B000F3D123462A463046BDE8F04100F09BBA0C
:1006C000000000002D0000002B00000020000000B2
:1006D0002DE9F05F894604464FF0000ADFF874B157
:1006E000FB44C0F820A02046E1688847002874D069
:1006F000252806D0D4E901219047206A401C2062B9
:10070000F1E700265F462046E16888472028054635
:1007100007DB312D05D2781910F8200C08B10643FB
:10072000F1E7B00701D526F00406C4F81CA00027A5
:10073000C4F818A02A2D09D0284609F081FC38B346
:1007400004EB8708303DC8F8185019E059F8041B2D
:10075000204604EB87029161E1688847012F054636
:1007600018D1E069002820DA26F020061DE0D8F82C
:10077000180000EB800005EB40003038C8F8180086
:100780002046E1688847054609F05AFC0028EED16A
:10079000012F0AD02E2D08D12046E16888477F1C02
:1007A0000546022F46F02006C4DBA069002803DAC4
:1007B000404246F00106A061F00701D026F0100685
:1007C0006C2D0BD0682D09D04C2D39D06A2D35D029
:1007D000742D35D07A2D33D016E038E0E1682F46FD
:1007E00020468847B842054609D16C2F26D04FF4E1
:1007F0008060E168064320468847054604E06C2F88
:100800001AD04FF4807006430DB3A5F141001928AA
:1008100002D8203546F400664A462946204626601E
:100820004E46FFF70BFD80B101280BD0F61D26F0D8
:10083000070000F1080956E74020E4E78020D8E7E8
:100840000020D6E706F104094DE7284652E7206A62
:10085000BDE8F09F2CBD000040EA0103024630B520
:100860009B0710D14FF0013400E008C208C91D1BDE
:100870009D4315EAC41FF8D013F0FF0102F8011BD5
:100880000DD01B0AF8E711F8013B002B02F8013BE1
:1008900005D011F8013B002B02F8013BF3D130BD2C
:1008A00010B5431C02E010F8011B71B18107FAD1A9
:1008B0004FF0013202C88C1A8C4314EAC211F9D0ED
:1008C000C01A0A0603D0C01E10BDC01A10BD0A040B
:1008D00001D0801E10BD0902FCD0401E10BD032AAD
:1008E00040F2308010F0030C00F0158011F8013B4D
:1008F000BCF1020F624498BF11F801CB00F8013B34
:1009000038BF11F8013BA2F1040298BF00F801CBF7
:1009100038BF00F8013B11F0030300F02580083ACE
:10092000C0F0088051F8043B083A51F804CBA0E825
:100930000810F5E7121D5CBF51F8043B40F8043B7A
:10094000AFF30080D20724BF11F8013B11F801CBAF
:1009500048BF11F8012B24BF00F8013B00F801CB80
:1009600048BF00F8012B704710B5203AC0F00B804B
:10097000B1E81850203AA0E81850B1E81850A0E8A3
:100980001850BFF4F5AF5FEA027C24BFB1E81850FD
:10099000A0E8185044BF18C918C0BDE810405FEA6D
:1009A000827C24BF51F8043B40F8043B08BF7047E9
:1009B000D20728BF31F8023B48BF11F8012B28BFEE
:1009C00020F8023B48BF00F8012B704702F0FF03FC
:1009D00043EA032242EA024200F002B84FF000026A
:1009E0000429C0F0128010F0030C00F01B80CCF141
:1009F000040CBCF1020F18BF00F8012BA8BF20F8AF
:100A0000022BA1EB0C0100F00DB85FEAC17C24BF02
:100A100000F8012B00F8012B48BF00F8012B7047AC
:100A20004FF0000200B5134694469646203922BF87
:100A3000A0E80C50A0E80C50B1F12001BFF4F7AFD2
:100A4000090728BFA0E80C5048BF0CC05DF804EBB4
:100A5000890028BF40F8042B08BF704748BF20F822
:100A6000022B11F0804F18BF00F8012B7047704720
:100A7000704770470048704708640020704770470F
:100A80007047704738B504460A4600206946AFF300
:100A90000080002808BF38BD02460099204600F0BB
:100AA00063FA012038BD012000F09CBEF8B5AFF319
:100AB0000080054600200C46102000BF0646A819FD
:100AC000A0420DD9324669460020AFF300800700EE
:100AD00008BF00F087FE0098A04218BF0546C41961
:100AE000FFF7C8FF05600746F01D20F00700461914
:100AF000284600F00AF8B44208BFF8BDA21B3146F0
:100B00003868BDE8F84000F02FBA00210160C0E964
:100B100001100C3009F0CABA1020704710B500F06F
:100B20001FFA006810BD10B5044600F019FA046001
:100B300010BD70B5044685690068C10601D5302630
:100B400000E02026C00707D070BDD4E9012130465F
:100B50009047206A401C20626D1EF6D570BD70B5AE
:100B6000044685690078C00707D170BDD4E901212A
:100B700020209047206A401C20626D1EF6D570BD73
:100B800009684A0501D540B27047C905FCD500B2D5
:100B9000704709684A0501D5C0B27047C905FCD540
:100BA00080B2704770B50C460546012A05D02878FA
:100BB000800600D5EA69002302E0012305E05B1C02
:100BC000934202D2E05C0028F9D1A869E618C01A65
:100BD000A861286A184428622846FFF7AAFF04E0A3
:100BE000D5E9012114F8010B9047B442F8D3284607
:100BF000FFF7B5FF70BD2DE9F0470D4699469246C7
:100C0000044600F124080168880604D5E06921F053
:100C10001001216000E00120A84201DD471B00E037
:100C20000027A1697A1902EB0900081AA06120784F
:100C3000C00602D42046FFF77CFF002608E0D4E976
:100C400001211AF806009047206A401C761C206299
:100C50004E45F4DB2078C0060AD52046FFF769FF31
:100C600006E0D4E9012130209047206A401C206230
:100C7000381EA7F10107F4DC07E0D4E9012118F8D8
:100C800005009047206A401C2062281EA5F101053E
:100C9000F3DC2046FFF763FF2078000602D5022030
:100CA000BDE8F0870120FBE711680268006A530580
:100CB00001D508700AE0D30501D5088006E01306C7
:100CC00003D5C217C1E9000200E0086001207047A7
:100CD00001694A1C02610878704700B58FB0CDE900
:100CE00001310021059105497944CDE903101146F0
:100CF0006846FFF7EDFC0FB000BD0000E5FFFFFF09
:100D00000A6802F8010B0A607047D1E900239A4291
:100D100002D2531C0B601070704700002DE9FF5F7A
:100D200015468A460446DFF8AC80F8440027D8E927
:100D300000103E46CDE9001010E03AF816106A4661
:100D400002A800F02FFD411C07D02178890603D5A9
:100D5000E269391891420DD80744761C2078800644
:100D600002D5E069B84205DDAE42E6DB3AF816008E
:100D70000028E2D1A069C01BA0612046FFF7D9FE80
:100D8000D8E90010CDE90010002017E03AF818105B
:100D90006A4602A800F006FDB0F1FF3F81460BD085
:100DA00000250DF1080B05E0D4E901211BF8050031
:100DB00090476D1C4D45F7D308F10100B0428046C5
:100DC000E4DB206A384420622046FFF7C8FEBDE815
:100DD000FF9F0000F6B600002DE9F0418046D21DCD
:100DE00022F007020025D2E90002F52915A614D049
:100DF000011E72F1000106DA0023D0EB030063EB61
:100E0000020211A608E0D8F800108B0701D50FA642
:100E100002E0490701D50EA601251146002408F17C
:100E2000240704E000F0BFF830323A55641C50EA61
:100E30000102F7D12B46324621464046BDE8F0413B
:100E4000FFF7D9BE000000002D0000002B000000BD
:100E50002000000030B4002100F1240408E002F07A
:100E60000705D208303542EA4372DB086554491C55
:100E700052EA0305F3D10468002310A2250707D521
:100E8000A40600D421B1C46901230DA2641EC4616B
:100E900030BCFFF7B0BE10B5044621461068FFF71E
:100EA00078FE02462046BDE810400023D2E7D21D5E
:100EB00022F00701D1E90023CCE700000000000088
:100EC00030000000F0B40D460188090502D5214C20
:100ED0007C4402E01F4C7C440E34002100F12406C7
:100EE00008E002F00F071209E75D42EA03721B09EE
:100EF0007754491C52EA0307F3D102780023120702
:100F000004D5702D06D009B1022311342246F0BC5D
:100F1000FFF771BE01231034F8E770B504460D46A3
:100F200021461068FFF735FE024629462046BDE8F7
:100F300070400023C6E7D21D22F00703D3E9002347
:100F4000C0E70368126843F0200303600823C3610D
:100F50000023B7E758B50000004870470064002040
:100F6000004870470064002030B404468C46436853
:100F7000002B18BF634538BF1846F8D303681844E0
:100F8000604507D0C81C20F0070000F1040CACEB52
:100F90000100121A2146CCF8002030BC00220CF1CE
:100FA0000400FFF78CBA30B5B0F10A024FEA900E98
:100FB00071F100034EEA817EB0EB0E0061EB91010E
:100FC0004FEA101E4EEA017E10EB0E0041EB1111AC
:100FD0004FEA102E4EEA016E10EB0E0041EB11218C
:100FE0004FEA104E4EEA014E10EB0E0041EB11415C
:100FF000401841F100014FEAD00040EA41704FEA49
:10100000D10110EB80054FEA810444EA907444EB6F
:1010100001046D1944EB0404521BA3414FF000037B
:1010200048BF0A3200D530BD401C41F1000130BD3F
:1010300070472DE9FF4F0C461E464FF0FF378BB02F
:10104000D2E90001DDF860800A908A46C1F30A55B2
:1010500005B93D46002108464FF00000BAF1000FE7
:1010600000F4400005DA00EB80004FF4400101EA93
:1010700050004FEA9059B9F1010F00DDB9460A98C6
:1010800050EA4A000ED044F61050A5F2FF35454311
:101090002F14B8F1000F1ED07542291E1EDDC9F1B4
:1010A00000021CE0B8F1010F4FF0000001D0302128
:1010B00003E0F24305E02154401CB042FBDB304624
:1010C0000022002121540B99C1F80880C1E90020B9
:1010D0000FB0BDE8F08FBD1B6D1CDEE74A4600DA9D
:1010E000694206A800F000FC06AB93E8070003ABDA
:1010F00083E8070050460A9900F009FD8DE80700D3
:10110000A0F500501F3800900398002D0ADD42F230
:101110001F014A460844002303A90390684600F0D3
:1011200072FF09E0A0F500504A461F38002303A9CA
:101130000390684600F07CFF8DE807000004000C77
:1011400003D04FF0FF30410800E01046B8F1000F27
:1011500003D00022009215461EE0751E05D4FFF74D
:1011600022FF303262556D1EF9D5B3460122084385
:1011700002D000227F1C04E02078302801D1002218
:101180007F1E002A099784D01DE0112D07DAFFF792
:101190000AFF303262556D1C50EA0102F5D1084356
:1011A00002D00098C8B10EE00021681E05E0235C63
:1011B000625C63542254401E491C8142F7DBAB46FB
:1011C000A81B401E0990002004F80B000B98099AF8
:1011D000C0F80880C0E9002B7AE711264FF000081C
:1011E00057E72DE9F04F88460446D21D22F007014B
:1011F00091B0D1E90001CDE90A0108F0F4FC024602
:101200000B98C00F01D02D2007E02068810701D581
:101210002B2002E0202101EAC000032A099001D01E
:10122000072A05DB03464146204600F01DFB0BE183
:101230002078800601D5E06900E00620B8F1650F4E
:10124000814606D0B8F1660F18D0B8F1670F70D19B
:1012500031E00020B9F1110F009001DB112301E012
:1012600009F101030AAA01A90CA8FFF7E2FEDDE9D2
:101270000C70002609F10105834647E001204B462A
:1012800000904FF000470AAA01A90CA8FFF7D1FE71
:10129000DDE90DB00C995D46002610B909F1010099
:1012A0000D18B9EB050003D4C0F1FF3609F10105B3
:1012B000A5EB09002BE0B9F1010F01DA4FF00109AC
:1012C0000020B9F1110F0090484601DD112300E024
:1012D00003460AAA01A90CA8FFF7ABFEDDE90C70D2
:1012E0004D4600268346207800070AD4AB4500DA35
:1012F0005D4601A8012D04DD411911F8011C3029BA
:1013000007D04F4502DA17F1040F04DA01208246B4
:101310000FE06D1EEEE7002F02DCED1B3E4403E004
:10132000781CA84200DD7D1CB81B00F1010A4FF0BB
:1013300000472078000703D4AA4501DB4FF0FF3AAD
:101340000021B7F1004F0DF143088DF8431024D070
:1013500002202B23002F01DA7F422D230A21021EB7
:10136000A0F1010000DC5FB197FBF1FC97FBF1F20B
:1013700001FB1C7C17460CF1300C08F801CDEEE7A0
:10138000A8F1010003702188090501D5452100E07D
:101390006521A0F1010800F8011C09980FA9A1EB33
:1013A0000807FF1D00B10120411901EBEA70A16996
:1013B0003844081A401EA0612078C00602D4204696
:1013C000FFF7B7FB099828B1D4E901219047206ABB
:1013D000401C20622078C00622D52046FFF7A9FBDA
:1013E0001EE0002E04DBB34502DD01A8805D00E0B5
:1013F0003020D4E901219047206A401C2062761CED
:10140000AAF101005FEA000A0AD100F021FAC068DF
:101410000168405CD4E901219047206A401C2062A9
:10142000281EA5F10105DCDC07E0D4E9012118F84C
:10143000010B9047206A401C2062381EA7F101076B
:10144000F3DC2046FFF78BFB032011B041E60000E0
:101450002DE9F04F04460D46D21D22F0070089B059
:10146000D0E900974846394608F0BDFB0246F80F20
:1014700001D02D2307E02068810701D52B2302E04E
:10148000202101EAC0038DF820300BB1012000E0DB
:101490000020032A824601D0072A04DB2946204681
:1014A00000F0E2F93FE12078800601D40D2500E04C
:1014B000E569C7F30A560D2D49DA00214FEA175B9B
:1014C00008464FF00000002F00F4400007DA00EB60
:1014D00080004FF4400100EBD07001EA60008115FC
:1014E000012901DD4FF0FF3100224FEA850CBCF1EC
:1014F000180F06D31346ACF118004FF08052C240CB
:1015000003E04FF4801323FA0CF30CF10C0CBCF144
:10151000200F04D3ACF1200C09FA0CF001E007FA1B
:101520000CF000294FF0004801DD18B90FE00ED192
:1015300040450CD319EB02095F4121B9404502D166
:101540009F4329EA0209BBEB175F00D0761C208875
:10155000000502D57B48784402E07A48784419387F
:1015600008AA302302F80A30037C0AF10101002E98
:101570000AF1020A53546A4602DC4FF0300101E0DE
:101580004FF031014FF001088DF8001002D0A6F2A3
:10159000FF3603E059EA470100D06B4E002D02DC14
:1015A0002178090704D54FF002082E218DF801108B
:1015B000C44600210BE0C7F303433F01C35C491C51
:1015C0006D1E02F80830052908F1010801DA002D26
:1015D000F1DC00210CE000EB1973491C1B786D1E37
:1015E000082902F808304FEA091908F1010801DA60
:1015F000002DF0DC21688B0602D516E0A8F1010869
:10160000E04505DD02EB080313F8013C302BF5D073
:10161000B8F1000F09DD02EB080313F8013C2E2B93
:1016200003D1090701D4A8F10108002D05DD3E21F1
:1016300002F808106D1E08F10108407C002E02F827
:10164000080008F1010804DA2D20764202F80800AB
:1016500002E02B2002F808000A214FF47A7086423B
:1016600008F101080BDB96FBF0F3303302F8083089
:1016700096FBF0F308F1010800FB136601E0642E0D
:101680000CDB642096FBF0F3303302F8083096FB55
:10169000F0F308F1010800FB136601E00A2E06DBF7
:1016A00096FBF1F0303002F8080008F1010896FBD3
:1016B000F1F001FB1060303002F80800A16908F178
:1016C000010808EB050202EB0A00081AA061207865
:1016D000C00602D42046FFF72CFA216A08AE01EBBF
:1016E0000A00206204E0D4E9012116F8010B9047BA
:1016F000BAF1010AF7D22078C00602D52046FFF7DA
:1017000018FA6E4609E016F8010B3E280FD0D4E90E
:1017100001219047206A401C2062B8F10108F2D2F2
:101720002046FFF71CFA09B00320BDE8F08F206ABD
:101730002844206203E0D4E90121302090476D1E47
:10174000EBD3F8E70DAF000002FCFFFF10B54369D3
:1017500013B1AFF3008001E0FFF724FA012010BDC0
:10176000127800F124010A7000224A700122EDE78C
:1017700011684FF0FF32E9E710B5436913B1AFF3D9
:10178000008001E0FFF7CAFA012010BD128800F1C5
:10179000240182840022C2840122EDE711684FF007
:1017A000FF32E9E770B516460C46054600F048F8EA
:1017B000036893F80101012806D0FF2C0FD8185DAB
:1017C00068B101202C7070BDD3F807013246214664
:1017D00003F2071303442846BDE8704018474FF052
:1017E000FF3070BD10B500F0FFF8BDE8104000F00C
:1017F000F6B870477546FFF7AFFBAE460500694681
:10180000534620F00700854618B020B5FEF7F6FDD8
:10181000BDE820404FF000064FF000074FF00008F1
:101820004FF0000B21F00701AC46ACE8C009ACE872
:10183000C009ACE8C009ACE8C0098D46704700009B
:1018400010B500F005F8001D10BD00BF8DA600000A
:10185000004870472064002010B5FFF70BF90068BE
:10186000BDE8104000F0EEB82DE9F0411F460446F7
:1018700003260168072A01F4006004DB08B116A5FD
:1018800005E016A503E008B115A500E015A521F0B7
:1018900010002060A069C01EA0610FB1401EA061B1
:1018A0002046FFF746F94FB1D4E901213846904769
:1018B000206A401C2062C01C206206E0206AFAE711
:1018C000D4E9012115F8010B9047761EF8D2204685
:1018D000FFF745F9BDE8F0814E414E006E616E00A4
:1018E000494E4600696E66002DE9F047814616466E
:1018F0008AB0354878440DC88DE80D0032487844E8
:10190000801C03AC0DC884E80D0041F69B300844F0
:10191000372190FBF1F290FBF1F5A5F1800501FB79
:1019200012041B3C02D56442012000E00020DFF8D5
:1019300098A080460027FA44AAF1BE0A0EE0E0070C
:101940000AD03246684607EB470101230AEB8101C2
:1019500000F06EFB8DE8070064107F1C002CEED1B8
:10196000194F7F44AE3F19E0E80715D007EB04108C
:101970000DF1180A90E80E008AE80E00C068F042E7
:1019800001D1981908903246012306A903A800F056
:101990004FFB03AB83E807006D10641C002DE3D1FF
:1019A0004FF0010332466946B8F1000F03A802D098
:1019B00000F029FB01E000F03BFBC9E90001C9F898
:1019C00008200AB0BDE8F08700AC000010B504465E
:1019D000AFF300802046BDE81040FEF79ABC002817
:1019E00001D000F029B8704710B5012805D00021BA
:1019F00003A000F02CF8012010BD09A1F8E70000B9
:101A000053494752544D454D3A204F7574206F66E7
:101A10002068656170206D656D6F7279000000004F
:101A20003A2048656170206D656D6F727920636F33
:101A3000727275707465640001491820ABBEFEE7D0
:101A40002600020010B50C3008F01AFB10BD70B56E
:101A500005460C460A2000E06D1C00F051F835B137
:101A600028780028F8D102E0641C00F049F814B18D
:101A700020780028F8D1BDE870400A2000F040B876
:101A80004FF0013C50F8042B51F8043B9A4221D10D
:101A9000A2EB0C03934313EACC1317D150F8042B99
:101AA00051F8043B9A4215D1A2EB0C03934313EA7D
:101AB000CC130BD150F8042B51F8043B9A4209D1B6
:101AC000A2EB0C03934313EACC13DBD04FF00000DE
:101AD000704700BFD01A01BAB1FA81F101F01801C4
:101AE00022FA01F0CB40C1F12001DBB2C0B2C01A32
:101AF0002CFA01F3D11A914311EAC311E6D17047D0
:101B000008B569468DF800000320ABBE08BD5FEA4A
:101B1000400C08BF91F0000F4FEA8C234FEAC1221E
:101B200043EA51514FEA1C5018BF00F5F0404FEA0C
:101B3000300018BF41F000415FEA6C5C00F0298082
:101B4000BCF1FF3F08BF40F080407047130C06BF58
:101B500012044FF0100C4FF0000C130E04BF1202D1
:101B60000CF1080C130F04BF12010CF1040C930FBD
:101B700004BF92000CF1020CD30F04BF52000CF111
:101B8000010C11464FF00002A0F11F00A0EB0C0069
:101B9000704711F0004F08BF704731F000413FF42B
:101BA000D5AF0B0C06BF09044FF0100C4FF0000C22
:101BB0000B0E04BF09020CF1080C0B0F04BF090146
:101BC0000CF1040C8B0F04BF89000CF1020CCB0F3D
:101BD00004BF49000CF1010CCCF12003A0EB0C0078
:101BE00022FA03F302FA0CF241EA030100F10100C8
:101BF000704720F07F4C80EA030023F07F47ACEB76
:101C0000070303F57C5300F0004003F1FF032DE9C7
:101C100080494FEA154B09B44FEA144325EA0B4EAD
:101C200024EA03480FF2042606EB132749083E78FE
:101C30005FEA320203FB0667C7F5000707FB06F6FB
:101C40004FEA54374FEAD64606F1020607FB066C08
:101C5000CCF1005C4FEA1C472CEA074C07FB06F46A
:101C60000CFB06F504EB15464FEA961634BF002030
:101C70004FF000404FEAD13706FB07FC4FEA1C4CFF
:101C80000CFB0BF7D21B03FB0CF761EB07010CFB02
:101C90000EF7B0EB074072EB17420CFB08F734BFAE
:101CA000A2EB0742B2EB074261EB17414FEA0C444B
:101CB0004FEA910706FB07FC4FEA1C4C0CFB0BF7A5
:101CC000B0EBC74072EB573203FB0CF734BFA2EB0B
:101CD000C742B2EBC74261EB57310CFB0EF7B0EBDA
:101CE000C70072EB57720CFB08F734BFA2EBC702B8
:101CF000B2EBC70261EB5771039F4FEA816141EA82
:101D0000921104EBCC044FEAD1374FEA826206FB12
:101D100007FC42EA90124FEA80604FEA1C4C0CFB31
:101D20000BF7D21B03FB0CF761EB07010CFB0EF763
:101D3000B0EB074072EB17420CFB08F734BFA2EB85
:101D40000742B2EB074261EB17414FEA8C554FEA6D
:101D5000910704EB9C2406FB07FC4FEA1C4C0CFB90
:101D60000BF7B0EBC74072EB573203FB0CF734BFF5
:101D7000A2EBC742B2EBC74261EB57310CFB0EF747
:101D8000B0EBC70072EB57720CFB08F734BFA2EB45
:101D9000C702B2EBC70261EB577115EB4C254FEA56
:101DA000816141EA92114FEA82624FEAD13742EAF9
:101DB000901206FB07FC44F100044FEA80604FEAF2
:101DC0001C4C0CFB0BF7D21B03FB0CF761EB070160
:101DD0000CFB0EF7B0EB074072EB17420CFB08F759
:101DE00034BFA2EB0742B2EB074261EB174115EBA0
:101DF0001C154FEA813141EA92414FEA823242EAB0
:101E000090424FEA80304FEA0C7644F1000448EAF1
:101E100003434EEA0B484FF0000EB2EB080C71EB97
:101E2000030724BF624639464EEB0E0E4FF0000BFF
:101E30000018524149414BEB0B0BB2EB080C71EB14
:101E400003077BF1000B24BF624639464EEB0E0EB2
:101E50004FF0000B0018524149414BEB0B0BB2EB1A
:101E6000080C71EB03077BF1000B24BF6246394677
:101E70004EEB0E0E51EA020718BF46F0010616EBB4
:101E80000E7655F1000254F1000103D5BDE8890139
:101E9000BDE80088BDE88901BDE80048B619524197
:101EA00041EB0101A3F10103704780807F7E7D7CBF
:101EB0007B7A7978777676757473727171706F6EDC
:101EC0006E6D6C6C6B6A6A69686867666665646487
:101ED000636362616160605F5F5E5E5D5D5C5C5B11
:101EE0005B5A5A5959585857575656555555545480
:101EF000535352525251515050504F4F4F4E4E4DDE
:101F00004D4D4C4C4C4B4B4B4A4A4A494949484829
:101F10004847474747464646454545444444444369
:101F200043434342424242414141002B9C4630D40C
:101F300077002BD01CB54FEA370703B44FF01000E1
:101F40004FF01001BAF1000F06D0BCF1000FDCBF5A
:101F500040F0080040F008014FF000000FBCBDE861
:101F600010400BF1010BBBF1010F08BF5FEA17072F
:101F700022BF12F1010211F101014FF0004143F1C2
:101F8000000300F0004043EA00007047F9D357080F
:101F9000D0E746EA064613F1400F4FEA16461FDD2A
:101FA00013F1200FDFBF16430A46002120335B42A6
:101FB000BED0C3F1200746EA064602FA07F74FEA09
:101FC000164646EA0706C3F1200722FA03F201FA91
:101FD00007F721FA03F14FF0000342EA0702A7E7EF
:101FE00046EA020646EA06464FEA164646EA010671
:101FF000BCBF46EA0646360C4FF000034FF0000225
:102000004FF0000194E72DE9804C9A46934670B456
:1020100091E8380007C831EA400C48BF34EA430C65
:1020200003D5FFF7E6FDFFF780FFF0BCBDE8008CAD
:102030002DE9804C9A46934670B491E8380007C861
:1020400010F0804F08BF13F0804F03D100F005F867
:10205000FFF76BFFF0BCBDE8008C20F07F4780EA03
:10206000030023F07F4C07EB0C03A3F57C5300F037
:102070000040A3F1FE0392F0000F00F0B38095F052
:10208000000F00F077802DE901494FEA11404FEA37
:10209000144621EA004800FB06FC24EA064708FB38
:1020A00006F607FB08F800FB07F718EB06484CEBB1
:1020B000164C4FEA124B18EB07484FEA15464CEB0B
:1020C000174022EA0B4E0BFB06FC25EA06470EFBE7
:1020D00006F607FB0EFE0BFB07F71EEB064E4CEB5E
:1020E000164C4FF000061EEB074E4CEB174B18EB4F
:1020F0000B0840F1000018EB0E0B58EB000840F104
:1021000000008F1A4FF000013CBFC943661B14BF8B
:10211000B5EB040C00213CBFC943F61B4FEA174442
:102120004EEA8E0E27EA04454FEA1C4704FB07627D
:102130002CEA074C05FB07F70CFB05F604FB0CFC2F
:1021400016EB074642EB174216EB0C4642EB1C42DD
:102150001BEB060658EB0202414146EA9E0601D5FA
:10216000BDE80189B619524141EB0101A3F1010318
:10217000BDE801894FEA14454FEA114724EA0546B4
:1021800021EA074C05FB07F406FB07F70CFB06F1F9
:1021900005FB0CFC11EB074144EB17444FEA1247D7
:1021A00011EB0C4144EB1C4422EA074C05FB07F2FF
:1021B00006FB07F70CFB06F605FB0CFC16EB0746C7
:1021C00042EB174216EB0C4642EB1C456A1854F1E1
:1021D000000148BF7047B619524141EB0101A3F11C
:1021E0000103704795F0000F37D04FEA11424FEAD4
:1021F000144721EA024624EA074C02FB07F106FBDA
:1022000007F70CFB06F402FB0CFC14EB074441EB54
:1022100017414FEA154714EB0C4441EB1C4125EAEA
:10222000074C02FB07F506FB07F70CFB06F602FB63
:102230000CFC16EB074645EB174516EB0C4645EB39
:102240001C42121951F1000148BF7047B6195241A2
:1022500041EB0101A3F1010370474FEA14454FEA36
:10226000114724EA054621EA074C05FB07F106FB66
:1022700007F70CFB06F24FF0000605FB0CFC12EB17
:10228000074241EB174112EB0C4251EB1C4148BF96
:102290007047921841EB0101A3F101037047FEE77B
:1022A000014801F006B90000680F0020014801F064
:1022B00000B90000680F002010B590F842200621F8
:1022C0008AB0012A1CD0828E038F520501EB435144
:1022D00000230E2406930994140C92B2CDE9004217
:1022E00001230A0C079389B2CDE902210168114C40
:1022F000114A0968A1420BD111784C1C14700AE0F4
:10230000426B042303EBC202836B01EBC301DFE7E3
:1023100051784C1C5470059101F00101049108930F
:102320000068694600F09CFF10B100200AB010BDA3
:102330000120FBE700640040C40E00202DE9FC41B1
:10234000264E88460746A6F140053FE06B46234AE5
:102350004146384601F01DF821480024837833E0D7
:10236000B068042804D0316804D14FF0010203E0C2
:102370007168F9E74FF0000255F82400D0F800C06A
:10238000BC4520D190F842C094451CD1D0F834C04F
:10239000826B0CEA020C0A40944514D1D0F8432019
:1023A000A2B1C16355F824003269694680F8402023
:1023B00055F824002C30FEF792FA55F82400D0F896
:1023C0004310884702E0641C9C42C9D3414638460A
:1023D00000F0CEFF0028B9D1BDE8FC81EC5A002006
:1023E000C40E00202DE9FC41040005D0206818B17E
:1023F000454EB07818B108E00020BDE8FC8143A349
:1024000044A245A146A005F03BFFB278102A06D3AE
:102410003EA34DA24DA14F4805F032FFF8E7002042
:102420004D4F1BE057F82010A5684B6BAB4214D101
:1024300091F84230657CAB420FD10968236899421C
:102440000BD104F1080531A0CDE90050231D3EA2B7
:102450003EA1424805F014FFF5E7401C9042E1D34D
:102460004B20FEF722F8051EC7D04B21FEF7B6FA27
:10247000207C85F84100617C85F84210012806D057
:102480004FF00000E860606804D1A86003E04FF0FE
:102490000400F7E768604FF00008C5F810804FF0BF
:1024A00008006861206828606068E861A068686367
:1024B000E068A86320B9012917D040F2FF70A86333
:1024C0006069C5F84300A069C5F847002846FFF7D2
:1024D000F3FE68B1B07847F82050401CB070206817
:1024E00000F03EF840B1284687E76FF06040E6E72D
:1024F0002846FEF715F87FE7B178491EC9B2B170DA
:1025000047F82180F4E70000C40E00201B5B306D0B
:1025100000000000493A00001B5B313B33326D0084
:102520002020257325735B6273705F63616E5D208D
:1025300043414E205365727669636520496E697424
:102540000D0A257300000000453A00001B5B313B7B
:1025500033316D002CC60008AC5A00209CC5000821
:1025600070B5144E0546A6F108040021E07807E096
:1025700056F82120AA4201D1012070BD491CC9B2E0
:102580008142F5D3022803D2284601F075F908B13B
:10259000002070BD1221284600F0F2FD18B1284637
:1025A00001F096F9F4E7E07846F82050401CE0701E
:1025B000E2E70000CC0E002010B5082902D809B1CE
:1025C000416110BD03A305A205A1074805F058FE0F
:1025D000F8E700001B5B306D00000000453A00008A
:1025E0001B5B313B33316D00E8C50008002805D086
:1025F000C16190F84120012A01D04160704781609B
:102600007047000070B504462DED028B82B0B0EE2D
:10261000408A01F093FC0646194D12E001F08EFC51
:10262000801B00EE100AB8EE400AB4EEC80AF1EEC4
:1026300010FA06DD13A0009014A215A116486B68CD
:1026400012E0206800F01FFF0028E7D004F120030B
:1026500020681A1D211D00F0A5FD78B109A0009089
:102660000AA20BA10DA06B6805F00AFE6868401C69
:102670006860002002B0BDEC028B70BD0120F9E75C
:10268000C40E00201B5B306D00000000573A0000B4
:102690001B5B313B33336D004CC500082020257394
:1026A00025735B6273705F63616E5D2043414E20F2
:1026B000627573204255532120636E743A25640D70
:1026C0000A257300B5EEC00AF1EE10FA01DAB1EE98
:1026D000400A70472DE9F041DFED210AB0EE601AA3
:1026E000B0EE600AC8B30268BAB34568ADB3047A05
:1026F0009CB3002021E000BF52F820306BB3197A60
:1027000059B3411C0E4604E052F82170BB4225D05B
:10271000491CC9B28C42F7D805EBC001D1ED001AB3
:10272000042101EBC000284401EEA11A90ED002A1B
:10273000F0B241EE820A02EE020A8442DCD821EEB7
:10274000000A00EEE00AFFF7BDFF10EE100A05498F
:10275000884203DD0120BDE8F081FFE70020FAE7B1
:1027600000000000BD37863570B50D4604000ED060
:10277000002D0CD0207B10B1204600F03DF904F173
:1027800024012846BDE870402C22FEF7EDB870BD4C
:1027900070B504000D4616D0ADB1AFF20B00206548
:1027A0001F4860651F48A0651F48E0651F482066F8
:1027B0001F4860661F48A0661F48E0661F482067E4
:1027C000207B38BB01E0002070BD0846FFF782FF88
:1027D0000028F9D01422294604F11000FEF7C4F8AD
:1027E0002868206068686060E868A0602C2104F1B7
:1027F0002400FEF715F9287A84F82500B7EE000AC0
:1028000084ED120A01202073287C0028204602D083
:1028100000F0AEF801E000F0EFF8012070BD00001C
:1028200071290008A52900089B28000873280008C2
:10283000852800080D2B000841280008692700089A
:1028400070B5050014D0287B002811D0002406E0C4
:10285000286850F8240006F07DFC641CE4B295F86A
:102860002500A042F4D82846BDE8704000F0C4B866
:1028700070BD28B1017B19B1D0ED0B0A00F00DB885
:1028800000207047F0EE400A28B1017B19B190EDAD
:102890000A0A00F002B80020704770B504002DED60
:1028A000068BB7EE00AAF0EE608AB0EE409AB0EE6A
:1028B0004A8A04D0207B10B10025042625E00020A0
:1028C000BDEC068B70BD606800EBC50191ED000AA0
:1028D00006EBC501084420EE090AD0ED000A00EE1F
:1028E000A80AFFF7EFFE2068F0EE400A50F8250036
:1028F00090ED081A80EE810AB4EEC80AF1EE10FAE3
:1029000001DDB0EE408A6D1CEDB294F82500A842BE
:10291000D9D8CAEE089A002516E0606800EBC50118
:1029200091ED000A06EBC501084420EE090AD0ED3E
:10293000000A206800EEA80A50F8250020EE290AB7
:1029400006F02EFC6D1CEDB294F82500A842E4D8E8
:1029500029EE290A84ED0A9AC4ED0B8A84ED0C0A4B
:1029600028EEA90A012084ED0D0AC4ED129AA7E70A
:1029700070B5050014D0287B002811D0002406E093
:10298000286850F8240006F05DFC641CE4B295F859
:102990002500A042F4D82846BDE8704000F02CB8CD
:1029A00070BD000070B5040023D0207B002820D02B
:1029B000002506E0206850F8250006F055FC6D1C47
:1029C000EDB294F82500A842F4D86CB19FED090A45
:1029D00084ED0A0A84ED0B0A84ED0C0A84ED0D0ADD
:1029E000B7EE000A84ED120A2046BDE8704000F000
:1029F00003B870BD0000000070B504002DED0A8B17
:102A00008AB04FF001069FED3FCAB0EE4C8AB0EE9F
:102A1000489AF0EE488AF0EE48AAB0EE48AAF0EEE6
:102A2000489AB0EE48BA68D0207B002865D00025CF
:102A300028E02068694650F8250006F0A9FA9DF8BC
:102A4000000000B9002660689DED031A00EBC50187
:102A5000D1ED000A042101EBC501084440EE81AA32
:102A600090ED000A00EEA09A6D1C00EE01AA9DED0B
:102A7000061A00EE808A40EE008A40EE819A00EE4F
:102A800001BAEDB294F82500A842D2D869EE28BA6E
:102A900084ED0ECA84ED0FCA84ED10CA48EE48BA20
:102AA00084ED11CAB0EE6B0AFFF70CFE10EE100AAF
:102AB000154988421FDD2AEEA80A0AEE480AC0EE30
:102AC0002B0A2AEE090A0AEEC80AC4ED0E0AC0EE65
:102AD0002B0A29EEA80A0BEE480AC4ED0F0AC0EE35
:102AE0002B0A2BEE090A09EEC80AC4ED100AC0EE43
:102AF0002B0AC4ED110A84F824600AB0BDEC0A8BDD
:102B000070BD000000000000BD37863570B50400C0
:102B10002DED028BB0EE408A22D0207B00281FD002
:102B2000B5EEC08AF1EE10FA01D29FED0F8A0025B2
:102B300008E02068B0EE480A50F8250006F01CFCBA
:102B40006D1CEDB294F82500A842F2D8E06C401C50
:102B5000E0642046BDEC028BBDE87040FFF74CBF3F
:102B6000BDEC028B70BD000000000000014800F0C9
:102B700041BF0000F810002001681823CAB2103AC3
:102B8000B2FBF3F2054B6FF30901032A9B5CC365AB
:102B900000D9091D81650846704700003CBF000848
:102BA00010B5014600208B698A6A4FF0C07453B19A
:102BB000B3F5005F15D072B1012A0CD0022A0AD0F9
:102BC000032A09D104E01AB1012A06D0022A03D14E
:102BD000C96AC90100D5012010BDC96AA142FAD055
:102BE00010BD002AF7D0012AF2D0022AF3D0032A1E
:102BF000F3D010BD30B50468256825F48025256024
:102C0000046863608368402B036803D099600068A0
:102C1000C26030BD9A600068C16030BD704701205D
:102C200001F076B8002800D0006A70470B460028F3
:102C300007D0002B05D000F11C011C221846FDF71F
:102C400093BE7047002800D0407F704770B586B0B3
:102C5000040039D0C1B3AFF20B00C4F8C4002D4852
:102C6000C4F8C8002C48C4F8CC002C48C4F8D000E4
:102C70002B48C4F8D4002B48C4F8D8002A48C4F81C
:102C8000DC002A48C4F8E000207910B1012006B029
:102C900070BD04F1080014220546FDF765FE01260B
:102CA0004DB1686808B93C216960687C70B1102832
:102CB00001D9102169743DB1286828B168683C28A1
:102CC00006D028B1042803D00020E0E76E74F2E7B4
:102CD0001C2104F11C00FDF7A3FE14216846FDF73A
:102CE0009FFEA06800908DF80460207E00B1012056
:102CF0008DF80500E06802900494684605F008FC31
:102D000020600028C3D02671207E2077204600F066
:102D10000FF8BBE7A12D0008C12D0008012E000807
:102D2000312D0008252C0008452C00082D2C00080A
:102D300010B5040017D02068002814D0002105F039
:102D400049FC002020626062A06260779FED060A65
:102D5000204684ED0D0A84ED0B0A84ED0C0ABDE8D3
:102D6000104000F003B810BD0000000010B50400D2
:102D700012D0402104F13800FDF752FE402104F149
:102D80007800FDF74DFE002044F8B80F9FED030AD0
:102D900084ED010A2072607210BD00000000000086
:102DA00010B5040009D0207938B1206805F01BFC6B
:102DB000002801D00120207710BD002010BD0000A8
:102DC00010B5040017D02079A8B1206805F02BFCBD
:102DD00000280FD000202077606260779FED070AFF
:102DE000204684ED0D0A84ED0B0A84ED0C0AFFF7F2
:102DF000BDFF012010BD002010BD0000000000003C
:102E000070B504002DED028BF0EE408A7BD0207966
:102E1000002878D0207F00269FED498AA0B1206845
:102E200005F00CFB05462946206805F00FFB217CC8
:102E300001B14042C4E90905216A00280144216228
:102E400009DD4FF0010109E06662667784ED0D8AC5
:102E500084ED0B8A71E003DA4FF00201617700E044
:102E60006677F5EEC08AF1EE10FA52DD00EE100A38
:102E7000F5EEC08AB8EEC00AC0EE280AF1EE10FAEC
:102E8000C4ED0D0A31D9637E94F8C12094F8C010C6
:102E90009A4210D304EB8102D4F8B850966BAE1B63
:102EA000C4F8B86094ED2F0AD2ED1E0A30EE600A25
:102EB00084ED2F0A02E0521C84F8C12004EB810249
:102EC000491C9063C2ED1E8AD4F8B8200244C4F8AD
:102ED000B82094ED2F0AC8B2984230EE280A84ED4B
:102EE0002F0A00D3002084F8C000D4ED2F0AF5EE9D
:102EF000C00AF1EE10FA07DD94ED2E0AB8EEC01A02
:102F000081EE200A02E015E094ED0D0A84ED0B0A33
:102F100003E084ED0D8A84ED0B8A94ED050AB5EE8D
:102F2000C00AF1EE10FA08DDD4ED0B0A80EE801A2B
:102F300084ED0C1ABDEC028B70BD84ED0C8AF9E7B0
:102F40000000000072B6FEE7C188006800F0E4BF30
:102F500070B5040007D0206828B1E08818B1114D81
:102F60002878202801D3002070BD1020FDF79DFA9D
:102F70000028F9D00021016041608160C1602168B2
:102F80000160E188C1802179017161794171E16855
:102F9000C160A1688160044A297842F82100491C77
:102FA000297070BDD40E0020085B0020C188006825
:102FB000002200F0BEBFC1880068012200F0B9BF46
:102FC000C188006800F0ADBF10B5040007D094F8C8
:102FD000400020B1204600F0A8F8E06C10BD0020B1
:102FE00010BD70B50D4604000CD0002D0AD094F829
:102FF000400010B1204600F098F84C3494E80F00DF
:1030000085E80F0070BD00002DE9FF47040046D0A1
:10301000F1B3AFF20B00E0653448206634486066D7
:103020003448A0663448E06694F8400018B10120A6
:1030300004B0BDE8F087D1E90030C4E9113014F1E3
:1030400044004FF000062AD013B3017901B31029D0
:1030500025D84079012800D0D0B90020012708E008
:1030600013EBC0021BD0156895B1928882B1401C49
:10307000C0B28142F4D840212046FDF7D1FCE6647D
:1030800026656665A66594F8480084F8540000E05B
:1030900005E000254FF004084FF003091CE0002074
:1030A000C6E70096019602960396606C50F83510BC
:1030B000009108EBC501405AADF806008DF8046098
:1030C0008DF8059068460394FFF742FF44F8250009
:1030D0000028ADD06D1CEDB294F84800A842E0D8AD
:1030E00084F84070204600F020F8A0E72B3100085B
:1030F000FD300008C92F0008E32F000870B50D4609
:10310000040006D094F8400018B194F84800A84292
:1031100001D8002070BD204600F007F80121E06CC6
:10312000A9400840F6D0012070BD2DE9F04104000F
:1031300024D094F84000002820D00020E064054608
:103140000127206513E054F82500FFF7FDFE07FA7C
:1031500005F63CB194F84910814203D1E06C30434C
:10316000E06402E0206D304320656D1CEDB294F800
:103170004800A842E7D8A06D401CA065BDE8F081DA
:1031800090F82020012A07D0022A05D0416A41F494
:103190008021416201207047006842690A43426110
:1031A00000207047F0B590F820500468A468012D05
:1031B00005D0022D03D0416A41F480214DE014F086
:1031C000406F01D1E50045D5C4F301640125A54058
:1031D0001D608D684FF4C0739DB1CE6835434E6855
:1031E00045EAC605066803EB0417F5514FF4C275AE
:1031F000076805EB04150E697E51097D012905D08C
:1032000009E00E88CD6845EA4655EBE701684E595E
:1032100046F480764E511179D2F805504FF4C676B7
:1032200041EA0521056806EB0416A9511178D2F888
:1032300001204FF4C47541EA0221026805EB041530
:103240005151006803EB0411425842F00102425010
:103250000020F0BD416A41F4001141620120F0BD3F
:1032600010B590F82020012A07D0022A05D0416A23
:1032700041F480214162012010BD3B48D0F800227A
:1032800042F00102C0F80022D0F8002222F47C5261
:10329000C0F80022D0F800224B6A42EA0322C0F8AC
:1032A00000220A7D02F01F0301229A40D0F81C324E
:1032B0009343C0F81C32CB69B3B9D0F80C329343B6
:1032C000C0F80C328C894B6864F31F434C6900EBE7
:1032D000C404C4F840320C890B6864F31F434C6982
:1032E00000EBC404C4F84432CB69012B16D1D0F8EA
:1032F0000C321343C0F80C320C884B6864F31F4344
:103300004C6900EBC404C4F840320C89CB6864F308
:103310001F434C6900EBC404C4F844328B69002B92
:10332000D0F804320ED01343C0F804320B69002BDE
:10333000D0F8143208D01343C0F81432096A0129B6
:1033400004D008E09343EFE79343F5E7D0F81C126D
:103350001143C0F81C12D0F8001221F00101C0F88E
:103360000012002010BD0000006400407047000003
:103370000246002092F82030012B01D0022B05D10B
:10338000106821B1D0F8100000F003007047C06849
:10339000FAE770B590F82040012C05D0022C03D03C
:1033A000416A41F4802128E0046809B32469A40734
:1033B00020D04FF4D874056804EB01142D5915F092
:1033C0000405956005682D591AD0ED08556005680B
:1033D0002C5904F00204D4604FF4DA74056804EB4D
:1033E00001142E5906F00F06082E0CD308250DE007
:1033F000E468DCE7416A41F400114162012070BDDC
:103400006D0D1560E3E72D5905F00F051561056891
:103410002D59C5F30725956105682C59240C546175
:103420004FF4DC72046802EB0112A4581C700468AB
:10343000A458240A5C700468A458240C9C70046886
:10344000A258120EDA704FF4DE72046802EB011219
:10345000A4581C710468A458240A5C710468A45818
:10346000240C9C710468A258120EDA71006829B10C
:10347000016941F020010161002070BDC16841F087
:103480002001C160F8E70246002092F820100129CF
:1034900001D002290CD111688A68520100D501209F
:1034A0008A68120100D5401C8968C90000D5401CFB
:1034B00070472DE9F05F0546006800244669D0F8A2
:1034C00004908768D0F80CB0D0F810A0D0F818801D
:1034D000F10748D0F90714D001218160B80703D55E
:1034E000284600F026FA0CE0780702D54FF4006475
:1034F00007E0380702D54FF4805402E0284600F078
:1035000017FAF80516D529684FF480708860B80559
:1035100003D5284600F00FFA0CE0780502D544F4F4
:10352000005407E0380502D544F4804402E0284600
:1035300000F000FAF80316D529684FF4803088604F
:10354000B80303D5284600F0F8F90CE0780302D55B
:1035500044F4004407E0380302D544F4803402E028
:10356000284600F0E9F9300707D55FEACB6004D5BB
:103570002968102044F40074C86070074FF00807F1
:1035800007D55FEA0B7004D52868C760284600F0AD
:1035900069F9B00706D52868C068800702D02846B8
:1035A00000F061F9700607D55FEACA6004D52968A2
:1035B000102044F480640861B00607D55FEA0A7001
:1035C00004D528680761284600F050F9F00606D5B2
:1035D00028680069800702D0284600F048F9B00347
:1035E00008D55FEAC96005D52968102048602846DB
:1035F00000F040F9F00307D55FEA097004D52868A8
:103600004760284600F09AF9300446D55FEA4970D1
:1036100040D5F00504D55FEAC87001D044F001043C
:10362000B00504D55FEA887001D544F00204700546
:1036300004D55FEA487001D544F00404300529D56B
:1036400018F0700F26D008F07000402815D006DC66
:10365000102809D020280AD0302816D10AE0502896
:103660000ED0602811D10EE044F008040DE044F0C3
:1036700010040AE044F0200407E044F0400404E0B1
:1036800044F0800401E044F480742868816921F0EA
:1036900070018161296804204860002C05D0686AA7
:1036A000204368622846FFF761FEBDE8F09F70B5D1
:1036B000040003D094F8200010B104E0012070BD94
:1036C000204600F081F82068016841F001010160A6
:1036D00000F034FC0546052604E000F02FFC401BFA
:1036E0000A2811D820684068C007F6D02068016811
:1036F00021F00201016000F021FC05460BE000F022
:103700001DFC401B0A2806D9606A40F40030606244
:1037100084F82060D2E7206840688007EFD4207EDC
:103720000128206801683DD021F080010160607EA1
:1037300001282068016838D021F040010160A07E96
:1037400001282068016833D021F020010160E07E6B
:103750000128206801682ED041F010010160207F0F
:1037600001282068016829D021F008010160607FEC
:1037700001282068016824D021F004010160D4E907
:1037800002010843D4E90412114308436168491E49
:1037900008432168C86100206062012084F820008D
:1037A000002070BD41F08001C0E741F04001C5E755
:1037B00041F02001CAE721F01001CFE741F00801F4
:1037C000D4E741F00401D9E710B586B004461421CE
:1037D0006846FDF725F920492068884239D11F48FD
:1037E0000021026842F080620260026802F080629A
:1037F0000592026842F000720260006800F00070FA
:10380000059016481038026842F002020260006813
:1038100000F0020005904FF4405000900220CDE9E6
:103820000101032003900920049069460C4800F030
:103830007BFA00220521402000F01EFC402000F011
:103840000DFC00220521412000F016FC412000F073
:1038500005FC06B010BD0000006800404038024082
:103860000004024070470021FEF768BD7047012147
:10387000FEF764BD7047000070B5044690F8200064
:10388000012804D0606A40F40020606218E0022041
:1038900084F820002068016821F00101016000F037
:1038A0004DFB05460EE000BF00F048FB401B0A2818
:1038B00008D9606A40F400306062052084F8200076
:1038C000012070BD20684068C007EDD1606270BD06
:1038D00070B5044690F82000022804D0606A40F4D5
:1038E0008010606214E02068016841F0010101600D
:1038F00000F024FB05460DE000F020FB401B0A28E9
:1039000008D9606A40F400306062052084F8200025
:10391000012070BD20684068C007EDD020680168B4
:1039200021F002010160012084F82000002070BD18
:1039300070477047704770477047704770472DE970
:10394000F0410446876D00F0F9FA064694F8350018
:103950000025022806D08020606584F834500120BC
:10396000BDE8F0812068016821F01601016020683F
:10397000416921F080014161206C08B9A06C20B13F
:103980002068016821F0080101602068016821F0C9
:10399000010101600CE000F0D1FA801B052807D975
:1039A00020206065032084F8350084F83450D7E780
:1039B00020680068C007EED194F85C103F20884072
:1039C000B860012084F8350084F834500020C7E73F
:1039D00090F83510022903D08021416501207047FD
:1039E000052180F835100068016821F001010160AF
:1039F000002070472DE9F84304464FF00009CDF848
:103A0000009063484FF41651A56D0068B0FBF1F7C4
:103A10002E6894F85C10082000FA01F131420FD0B2
:103A200021680A6852070BD50A6822F004020A606E
:103A300094F85C108840A860606D40F001006065FB
:103A400094F85C104FF0010808FA01F0304208D0F9
:103A500021684969090604D5A860606D40F002003C
:103A6000606594F85C1004208840304208D02168DA
:103A70000968890704D5A860606D40F0040060659E
:103A800094F85C1010208840304218D021680968F2
:103A9000090714D5A86020680168490304D50068A7
:103AA000000308D5A16C07E00168C90503D40168CB
:103AB00021F008010160216C09B12046884794F883
:103AC0005C1020208840304231D021680968C90646
:103AD0002DD5A86094F8350005282068016806D027
:103AE000490347D5006800031DD4616C1CE021F038
:103AF000160101602068416921F080014161206C5C
:103B000008B9A06C20B12068016821F008010160AB
:103B100094F85C103F208840A86084F8358084F8D1
:103B20003490216D1FE0E16B09B120468847606D3C
:103B300000282BD0606DC00714D0052084F8350014
:103B40002068016821F0010101600098401C00908C
:103B5000B84203D820680068C007F6D184F83580E1
:103B600084F83490E16C002910D001B02046BDE803
:103B7000F04308470168C905D5D4016821F0100158
:103B8000016084F8358084F83490CCE7BDE8F88390
:103B9000140000202DE9F041044600F0CFF906465C
:103BA0005CB1022084F83500002584F83450206888
:103BB000016821F0010101600DE00120BDE8F08104
:103BC00000F0BCF9801B052805D920206065032082
:103BD00084F83500F2E720680068C007F0D1226859
:103BE000116820480140D4E901031843D4E90336A1
:103BF0003343184363691843A3691843E3691843BF
:103C0000236A18430843616A042903D1D4E90B13DA
:103C100019430843106020684069666A20F0070174
:103C200030460E43012704280CD1A06A0643E06AFF
:103C300040B12046FEF7B4FF20B14020606584F813
:103C40003570BAE7206846612046FEF795FF94F884
:103C50005C203F2191408160656584F835700020CB
:103C6000ACE700003F8010F02DE9F0410446866D7E
:103C700090F83400002501280DD0012084F834008C
:103C800094F835700020012F07D084F83400022505
:103C90002846BDE8F0810220FBE7022784F8357052
:103CA00060652046FEF7A6FF94F85C103F20884030
:103CB000B0602068016841F016010160206C20B1FD
:103CC0002068016841F0080101602068016841F046
:103CD00001010160DCE70000034630B40B4800211D
:103CE000094C02780CE000BF54F8210038B1C588B7
:103CF0009D4204D1856815B1AC4630BC6047491C73
:103D00009142F1D330BC7047085B0020D40E0020F4
:103D1000044910B50A68024202D00860FFF7DCFFD0
:103D200010BD0000143C01402DE9F84FDFF8BCA1A4
:103D30000022012503264FF00F090AF1040BAAF116
:103D4000040E00BF0B6805FA02F42340A34270D1B1
:103D50000F7907F00307012F01D0022F16D18768D2
:103D60004FEA420806FA08FC27EA0C07D1F80CC013
:103D70000CFA08FC4CEA070CC0F808C04768A743D7
:103D80000C79C4F3001494403C4344600C79E44340
:103D9000A4070AD0C4684FEA420C06FA0CF7BC43E9
:103DA0008F6807FA0CF72743C7600C7904F0030407
:103DB000022C12D1D40800EB840CDCF82040570709
:103DC000FF0E09FA07F824EA0804D1F8108008FA6F
:103DD00007F848EA0408CCF8208004684FEA420C4F
:103DE00006FA0CF7BC430F7907F0030707FA0CF744
:103DF000274307604C6814F4403F70D03C4C276860
:103E000047F480472760246822F0030704F48044C5
:103E10000094384C07EB040CDCF8084897074FEA8D
:103E2000177809FA08F7BC43334FB84202D100278C
:103E300024E054E0314FB84201D101271EE0304F59
:103E4000B84201D1022719E02E4FB84201D1032711
:103E500014E02D4FB84201D104270FE02B4FB84298
:103E600001D105270AE02A4FB84201D1062705E013
:103E7000284FB84201D1072700E0082707FA08F7C2
:103E80002743CCF80878DAF800405746D1F804C048
:103E90009C435FEACC2C00D51C433C60DBF800401F
:103EA0005F46D1F804C09C435FEA8C2C00D51C43CC
:103EB0003C60DEF800407746D1F804C09C435FEADE
:103EC0008C3C00D51C433C60084F083F3C68D1F84F
:103ED00004C09C435FEACC3C00D51C433C60521CB0
:103EE000102AFFF42FAFBDE8F88F0000083C014016
:103EF000443802400030014000000240000402400B
:103F000000080240000C0240001002400014024071
:103F100000180240001C02400069084000D0012047
:103F20007047426921EA02030A4043EA0241816183
:103F300070470AB1816170470904FBE70148806856
:103F40007047000008000020024881680278114490
:103F500081607047080000200B4810B5016841F4EB
:103F600000710160016841F480610160016841F401
:103F700080710160032000F09FF80F2000F006F828
:103F800000F050F8002010BD003C024030B505465E
:103F9000204887B00024016841F0010101600068F9
:103FA00006A900F00100009001A800F031F9049882
:103FB000B0B100F04DF9400017494FF08042B0FB1E
:103FC000F1F11648491E026040F2E732C0E90324CD
:103FD000C0E90114846100F0B7FB040003D015E0D0
:103FE00000F036F9E8E70D4800F03AFC04000DD186
:103FF0001C2000F033F8102D07D2002229461C2087
:1040000000F03AF80648056000E0012407B02046B9
:1040100030BD00004038024040420F0058110020DF
:104020000C0000200C4882B0016841F4804101601E
:10403000006800F4804000900748001F016841F0CC
:10404000805101600068002200F0805000900F2134
:10405000901E02B000F010B844380240002809DB7E
:1040600000F01F02012191404009800000F1E02092
:10407000C0F8001170470000F0B40E4B1B680C46EE
:10408000C3F30223C3F10705042D00D90425191D2C
:10409000072901D2002300E0DB1E012606FA05F104
:1040A000491E214099409E40761E16403143F0BC87
:1040B00005F0C4BD0CED00E0064900F007020868F9
:1040C0004FF6FF03184040EA0220034A10430860FD
:1040D000704700000CED00E00000FA052DE9F04704
:1040E0000E46050065D0DFF81481D8F80000F7B25D
:1040F00000F00700B04207D288F80070D8F800003E
:1041000000F00700B04254D128683D4C810712D519
:10411000400703D5206840F4E0502060287800076D
:1041200003D5206840F4604020602068A96820F032
:10413000F000084320602878C0072DD03049686817
:104140000839012812D0022813D0032811D0096899
:10415000890700292DDA216821F00301014321603C
:10416000FFF7ECFE814641F2883A0EE009688903C8
:10417000EFE709688901ECE7FFF7E0FEA0EB090132
:10418000514502D90320BDE8F0872068696800F036
:104190000C00B0EB810FEFD1D8F80010404601F0D1
:1041A0000701B14207D90770006800F00700B0426C
:1041B00001D00120E7E72878400705D52068E968A5
:1041C00020F4E050084320602878000706D52068D6
:1041D000296920F4604040EAC100206000F058F8EE
:1041E0002168084AC1F30311515CC84006490860C0
:1041F00006480068FFF7CAFE0020C4E7003C024002
:104200000838024044BF0008140000200C000020C1
:104210000F2202600C4A136803F003034360136823
:1042200003F0F0038360136803F4E053C360126883
:104230004FF4E05303EAD20202610448006800F040
:10424000070008607047000008380240003C024048
:104250000448054900680968044AC1F38221515C99
:10426000C8407047140000200838024054BF0008BE
:104270000448054900680968044AC1F34231515CA9
:10428000C8407047140000200838024054BF00089E
:10429000154810B5006810F00C02144813D01449EA
:1042A000042A0FD0082A0ED10F4C241F226823683D
:1042B00002F03F025B0207D52068C0F38810A0FB24
:1042C000010106E0084610BD2168C1F38811A1FB79
:1042D00000010023FCF72EF92168C1F30141491CBC
:1042E0004900B0FBF1F010BD083802400024F40092
:1042F00040787D012DE9F84F04006ED02078DFF87A
:104300004C93C007A9F104054AD009F104000168E3
:10431000C1F38101012908D00068C0F3810002289F
:104320000AD1D9F80000400206D52868800337D5A5
:1043300060680028E1D033E06068B0F5803F10D0BD
:10434000B0F5A02F286810D020F4803028602868AD
:1043500020F4802028606068A8B1FFF7EFFD0646D2
:104360000DE0286840F48030F4E740F480202860B5
:10437000F7E700BFFFF7E2FD801B642873D82868C9
:104380008003F7D50CE0FFF7D9FD064605E000BF36
:10439000FFF7D4FD801B6428F0D828688003F7D489
:1043A0002078DFF8AC8280074FF0000A3ED5A7489E
:1043B000001D016811F00C0F08D00068C0F38100E7
:1043C00002280BD1D9F80000400207D428688007E2
:1043D00016D5E068012800D112E033E1E068B8B1F9
:1043E0000120C8F80000FFF7A9FD064605E000BF60
:1043F000FFF7A4FD801B0228C0D828688007F7D5E6
:104400002868216920F0F80040EAC10028600DE02A
:10441000C8F800A0FFF792FD064604E0FFF78EFD06
:10442000801B02281FD828688007F7D4207800074F
:1044300022D5864F87486169703771B101210160CB
:10444000FFF77CFD064604E0FFF778FD801B02289D
:1044500009D838688007F7D50EE0C0F800A0FFF74C
:104460006DFD064605E082E0FFF768FD801B02282F
:104470007DD838688007F7D42078400768D5DFF802
:10448000CCB100270BF13C0BDBF80000C0000BD4D3
:10449000DBF8001041F08051CBF80010DBF8000091
:1044A000012700F0805000906B4E3068C00510D49A
:1044B000306840F480703060FFF740FD009005E008
:1044C000FFF73CFD0099401A022850D83068C0051B
:1044D000F6D55E4EA0686C3601280FD005283068EE
:1044E00010D020F001003060306820F0040030600F
:1044F000A068B8B1FFF722FD00900FE0306840F0EF
:104500000100F4E740F004003060F7E7FFF716FD24
:104510000099411A41F28830814266D8306880079C
:10452000F4D50EE0FFF70AFD009007E0FFF706FD67
:104530000099411A41F28830814256D8306880078C
:10454000F4D42FB1DBF8001021F08051CBF800102B
:10455000A069C8B33D49091D0968C1F38101022959
:104560004AD00228504607D0C8F8600000E03CE07E
:10457000FFF7E4FC04463BE04746C8F86000FFF75D
:10458000DDFC064605E000BFFFF7D8FC801B0228D3
:104590002BD828688001F7D4D4E907010843A16A21
:1045A0002E4A490802EB0141626A41EA821108433E
:1045B00094F82C1040EA0161C9F800100120386617
:1045C000FFF7BCFC044606E03EE000BFFFF7B6FC88
:1045D000001B022809D828688001F7D534E000BF05
:1045E000FFF7ACFC001B022802D90320BDE8F88FBE
:1045F00028688001F4D427E00128F7D0D9F800001A
:10460000E26900F4800191421CD1226A00F03F016E
:10461000914217D147F6C071626A0140B1EB821F27
:1046200010D1A26A4FF0FF3300F4403103EB520285
:10463000B1EB024F06D194F82C1000F07060B0EB93
:10464000016F01D00120D1E70020CFE704380240FC
:1046500000004742800E4742007000400000FFFF0C
:104660007047704710B590F83C20012A22D00122F3
:1046700080F83C20CA688C6822F4407222434C685F
:1046800022F4806222430C6822F4006222430C6907
:1046900022F4805222434C6922F400522243C96919
:1046A000002322F480420A4301684A6480F83C30C7
:1046B000002010BD022010BD70B590F83C20012AEA
:1046C00032D0012480F83C40022280F83D2003686B
:1046D0005A689D6822F070060A6832435A60134B8C
:1046E00002689A4214D0B2F1804F11D0104B9A4216
:1046F0000ED0104B9A420BD00F4B9A4208D00F4B62
:104700009A4205D00E4B9A4202D00E4B9A4204D1E7
:10471000496825F080031943916080F83D400021ED
:1047200080F83C10084670BD022070BD00000140BA
:104730000004004000080040000C0040000401405C
:10474000004001400018004010B5040003D094F868
:104750003D0010B107E0012010BD002084F83C00AE
:10476000204600F01FF8022084F83D00211D20683B
:1047700003F07AFF012084F8460084F83E0084F8B4
:104780003F0084F8400084F8410084F8420084F837
:10479000430084F8440084F8450084F83D0000207C
:1047A00010BD000008B500680C49884208D10C48CB
:1047B000016841F001010160006800F001000BE0B8
:1047C0000849884209D10648001F016841F00801E4
:1047D0000160006800F00800009008BD0000014082
:1047E00044380240000C004090F83D10012901D0EF
:1047F00001207047022180F83D100068114988426D
:1048000014D0B0F1804F11D00F4988420ED00F491B
:1048100088420BD00E49884208D00E49884205D004
:104820000D49884202D00D49884204D1816801F0C7
:104830000701062903D0016841F001010160002051
:1048400070470000000001400004004000080040E4
:10485000000C0040000401400040014000180040EE
:1048600090F83D10012901D001207047022180F805
:104870003D100168CA6842F00102CA60006811492F
:10488000884214D0B0F1804F11D00F4988420ED029
:104890000E4988420BD00E49884208D00D49884203
:1048A00005D00D49884202D00C49884204D1816864
:1048B00001F00701062903D0016841F00101016000
:1048C0000020704700000140000400400008004044
:1048D000000C00400004014000400140001800406E
:1048E00001680A6A41F211131A4207D10A6A9B1041
:1048F0001A4203D10A6822F001020A60012180F8FD
:104900003D10002070470168CA6822F00102CA60A9
:1049100001680A6A41F211131A4207D10A6A9B1010
:104920001A4203D10A6822F001020A60012180F8CC
:104930003D100020704770B5044690F83C000025FB
:10494000012817D0012684F83C60022084F83D003D
:104950002068826822F0770222F47F428260086831
:10496000502838D00DDC20284FD005DC90B310281B
:1049700011D14AE0022070BD302846D040280AD12B
:104980003BE060282FD070280DD0B0F5805F03D0B9
:10499000B0F5005F12D0012584F83D60002084F856
:1049A0003C00284670BDCB68D1E90121206803F0A6
:1049B000D0FE2068816841F0770109E0CB68D1E939
:1049C0000121206803F0C5FE2068816841F4804120
:1049D0008160E1E719E0CA684968206803F08EFF4A
:1049E0005021206806E0CA684968206803F097FFF4
:1049F0006021206803F0B7FECEE7CA6849682068E6
:104A000003F07CFF40212068F4E72268014610464D
:104A1000F0E72DE9F0410D46040003D094F83D0085
:104A200018B108E00120BDE8F081002084F83C00C6
:104A3000204600F041F8022084F83D00206881689B
:104A400044F2070291438160211D206803F00CFEAF
:104A5000226890689169166A2B68AF69034340F237
:104A60000330814341EA0721A868EF6908434FF604
:104A7000FC418843E96840EA0720014328692F6A1E
:104A8000000140EA0730084369686D6926F0AA060C
:104A900046EA0515294393602268906154F8460B55
:104AA0000162012004F81F09E0752076E076207786
:104AB000A0750020B7E7000030B587B00446142188
:104AC0006846FBF7ADFF214824681F4D00221F49AF
:104AD00010380223AC4216D10C6844F002040C607A
:104AE000096801F002010591016841F001010160CE
:104AF0000068694600F001000590C0200090CDE9F3
:104B00000132134819E0134DAC421AD10C6844F03D
:104B100004040C60096801F004010591016841F08A
:104B2000080101600068694600F0080005904FF434
:104B300040500090CDE901320748CDE90323FFF74B
:104B4000F3F807B030BD00000004004040380240D8
:104B50000000024000080040000C024070B590F8D0
:104B60003E60044690F83F5090F8423090F8432061
:104B7000022021B104290ED0012E1BD114E0012EF8
:104B800018D1012B16D184F83E0084F8420001228E
:104B90000021206820E0012D0CD1012A0AD184F8DF
:104BA0003F0084F8430014E0012D03D1012B01D113
:104BB000012A01D0012070BD84F83E0084F83F0036
:104BC00084F8420084F8430001220021206803F0A9
:104BD000B3FD01220421206803F0AEFD20680168C6
:104BE00041F001010160002070BD70B590F83E6099
:104BF000044690F83F5090F8423090F8432002204D
:104C000021B1042914D0012E25D11EE0012E22D17C
:104C1000012B20D184F83E0084F8420001220021BB
:104C2000206803F089FD2068C16841F002012FE08F
:104C3000012D10D1012A0ED184F83F0084F84300E1
:104C40000421206803F078FD1EE0012D03D1012B23
:104C500001D1012A01D0012070BD84F83E0084F802
:104C60003F0084F8420084F84300012200212068BC
:104C700003F062FD01220421206803F05DFD20683D
:104C8000C16841F00201C1602068C16841F00401BF
:104C9000C1602068016841F001010160002070BD21
:104CA00030B5044600680D0023D0042D04D0002246
:104CB000114603F041FD20680022042103F03CFD71
:104CC0002068016A41F21112114207D1016A921063
:104CD000114203D1016821F00101016001205DB1A1
:104CE000042D0DD004F83E0F60702071607100201B
:104CF00030BD00221146E1E704F83E0F2071F6E7CF
:104D000004F83F0FFAE730B5044600680D002ED0D6
:104D1000042D4FF0000233D0002103F00DFD0022DE
:104D20000421206803F008FD2068C16821F0020119
:104D3000C1602068C16821F00401C1602068016A77
:104D400041F21112114207D1016A9210114203D1AE
:104D5000016821F0010101600120ADB1042D17D0DF
:104D600004F83E0F607020716071002030BD002299
:104D7000114603F0E1FC2068C16821F00201DCE784
:104D8000042103F0D9FCD4E704F83E0F2071ECE7CE
:104D900004F83F0FFAE770472DE9F0410446006838
:104DA000C66805694FF00007A90713D5B10711D5EB
:104DB000F91E016101202077206880698007204664
:104DC00002D0FFF7E8FF04E000F0C0F8204600F052
:104DD00053F92777680716D5700714D521686FF047
:104DE00004000861022020772068806910F4407F69
:104DF000204602D0FFF7CFFF04E000F0A7F82046DE
:104E000000F03AF92777280715D5300713D5216820
:104E10006FF008000861042020772068C0698007CF
:104E2000204602D0FFF7B7FF04E000F08FF82046DD
:104E300000F022F92777E80616D5F00614D5216888
:104E40006FF010000861082020772068C06910F416
:104E5000407F204602D0FFF79EFF04E000F076F886
:104E6000204600F009F92777E80708D0F00706D0B8
:104E700021686FF001000861204600F0C3F92806A0
:104E800008D5300606D521686FF0800008612046FD
:104E9000FFF7E6FB680608D5700606D521686FF0B7
:104EA00040000861204600F0BAF9A8060AD5B0060D
:104EB00008D521686FF0200008612046BDE8F04168
:104EC000FFF7CFBBBDE8F08110B586B004461421D2
:104ED0006846FBF7A5FD2368174C002117480222FE
:104EE000A34212D1036843F010030360006800F08E
:104EF000100005904FF4D4400090CDE9012101202D
:104F0000CDE9031069460E4812E00E4CA34211D1C0
:104F1000036843F001030360006800F0010005909E
:104F200006200090CDE90121CDE90312694606482B
:104F3000FEF7FAFE06B010BD000001403038024016
:104F400000100240000C004000000240704770B5A5
:104F5000044690F83C0000260D4601280FD00120A1
:104F600084F83C006AB1042A1DD0082A2FD00C2AEC
:104F70003FD00126002084F83C00304670BD02205E
:104F800070BD206803F0F8FB2068816941F00801DA
:104F900081612068816921F0040181612068816953
:104FA0002A69114311E0206803F016FC206881692A
:104FB00041F4006181612068816921F4806181612F
:104FC000206881692A6941EA02218161D2E720686B
:104FD00003F038FC2068C16941F00801C161206814
:104FE000C16921F00401C1612068C1692A691143C6
:104FF00011E0206803F05AFC2068C16941F40061A7
:10500000C1612068C16921F48061C1612068C16902
:105010002A6941EA0221C161ACE710B5040003D05E
:1050200094F83D0010B107E0012010BD002084F885
:105030003C00204600F01EF8022084F83D00211DAF
:10504000206803F011FB012084F8460084F83E003C
:1050500084F83F0084F8400084F8410084F842005E
:1050600084F8430084F8440084F8450084F83D0047
:10507000002010BD70470000F0B405460F48002125
:105080000D4A0124037813E052F8210070B106683C
:10509000AE420BD186882F7FB60804FA06F6B742D7
:1050A00004D14169002905D0F0BC0847491CC9B2A8
:1050B0009942E9D3F0BC7047C85E0020D60E0020AC
:1050C00010B50446022249B104290ED0082913D094
:1050D00094F84100012816D0012010BD94F83E003C
:1050E0000128F9D184F83E200FE094F83F00012810
:1050F000F2D184F83F2008E094F840000128EBD179
:1051000084F8402001E084F841200122206803F067
:1051100013FB16492068164A884201D0904203D1F9
:10512000436C43F4004343642068884213D0B0F1D9
:10513000804F10D00F4988420DD00F4988420AD0C5
:105140000E49884207D0904205D00D49884202D0CE
:105150000C49884204D1816801F00701062903D077
:10516000016841F001010160002010BD0000014014
:10517000000401400004004000080040000C004012
:10518000004001400018004030B504460D4600685C
:10519000002203F0D1FA194B41F2111120688A1054
:1051A000984202D0164B984209D1036A0B4206D1AD
:1051B000036A134203D1436C23F400434364206821
:1051C000036A0B4206D1016A114203D1016821F042
:1051D0000101016001203DB1042D08D0082D09D046
:1051E00084F84100002030BD84F83E00FAE784F8DE
:1051F0003F00F7E784F84000F4E7000000000140BA
:105200000004014010B504460068B0F1804F01D1A0
:10521000FEF79AFE2046BDE8104003F059B97047EA
:10522000406B704738B5044690F84200202801D002
:10523000022038BD51B14AB10120206300206063D3
:10524000204603F019FD216B012901D0012038BD52
:1052500021680A684968009121680C3151E8002FE3
:1052600042F0100241E80023002BF5D138BD0000C8
:105270002DE9F041364A0025344F127862E000BF34
:1052800057F82530D3F80831834259D1C06BC06933
:10529000B0F5807F22D057F825200020A2F8040125
:1052A00057F82500A0F8061157F82500B0F800219E
:1052B000914201D9A0F8062157F82500D0F80C1129
:1052C00001B1884757F82500B0F80611FBF7A8FB95
:1052D00057F82500BDE8F04103F020BE57F82560DF
:1052E0000C46B6F80001A04200D80024D6F8080108
:1052F000FFF796FF30B9B6F80201A04202D1B6F826
:1053000000010AE0B6F80201A04201D8201A03E029
:10531000B6F80011081A204480B2B6F80211A6F8B7
:105320000411A6F80601A6F8024100280CD057F88F
:105330002500D0F80C11002906D0BDE8F04108473F
:105340006D1CEDB295429BD3BDE8F081FC6200205C
:10535000D80E002038B512490024104D09781AE003
:1053600055F82420D2F80821824212D155F82400A1
:10537000B0F80011FBF754FB55F8240003F0CEFD04
:1053800008A00090234609A209A10B4802F078FF6B
:1053900038BD641CE4B28C42E2D338BDFC6200200C
:1053A000D80E00201B5B306D00000000573A000053
:1053B0001B5B313B33336D0084C60008F8B50168D0
:1053C00004460868CA684B6910F00F0F4FF00005DB
:1053D00059D003F0010602F49077374365D0C10736
:1053E00005D0D10503D5616C41F00101616441072D
:1053F00005D5D90703D0616C41F0020161648107D2
:1054000005D5D90703D0616C41F00401616401073F
:1054100007D502F02001314303D0616C41F008014F
:105420006164616C00293AD0800604D5900602D5EB
:10543000204603F039FB20684069616CC0F380109E
:10544000090700D460B3204603F0F9FA20684069E8
:10545000400621D52068143050E8001F21F040019B
:1054600040E80012002AF5D1E06BA8B1724901654D
:10547000E06BFEF7ADFA002811D0E06B016D01B0D2
:10548000BDE8F040084783060FD593060DD52046AA
:10549000BDE8F84003F008BB2046FFF75BFFF8BD0E
:1054A0002046FFF757FF6564F8BD266B2023012EC9
:1054B0007ED1C6067CD5D6067AD5086848680090A5
:1054C00048694FF0020640064DD5E26B106840680F
:1054D0004FF480770004000C3AD0A18D814237D977
:1054E000E085D069B8422DD020680C3050E8001F0C
:1054F00021F4807140E80012002AF5D120681430B0
:1055000050E8001F21F0010140E80012002AF5D107
:105510002068143050E8001F21F0400140E80012DC
:10552000002AF5D184F84230256320680C3050E819
:10553000001F21F0100140E80012002AF5D1E06BB5
:10554000FEF7FDF96663A08DE18D401A81B206E099
:10555000A18D8142A8D1D069B842A5D16663204609
:10556000FFF786FEF8BDA08DE18D401A81B2E08D77
:105570000028F7D00029F5D020680C3050E8002F23
:1055800022F4907240E80027002FF5D120681430F3
:1055900050E8002F22F0010240E80027002FF5D14B
:1055A00084F84230256320680C3050E8002F00E07A
:1055B00006E022F0100240E80023002BF3D1CDE7F3
:1055C00005062BD5150629D594F841002128C9D107
:1055D000A068B0F5805F01D12069B0B1206A411C9C
:1055E0002162216800784860E08C401E0004000CB5
:1055F000E084B7D12068C16821F08001C1602068D3
:10560000C16841F04001C160F8BD206A0088C0F364
:1056100008004860206A801C2062E5E74006F3D558
:105620005006F1D5CA68204622F04002CA6084F8CC
:10563000413000F0E1F8F8BD4389000870B504007E
:1056400004D094F84100002510B106E0012070BD9F
:1056500084F84050204600F023F8242084F84100CC
:105660002068C16821F40051C160204603F07EFA31
:105670002068016921F4904101612068416921F0AD
:105680002A0141612068C16841F40051C16065642C
:10569000202084F8410084F842006563002070BD3A
:1056A00070B586B0064614216846FBF7B9F924495F
:1056B0003068884241D123480025016841F010013B
:1056C0000160006800F0100005901E481438016861
:1056D00041F0010101600068694600F00100059099
:1056E0004FF4C06000900220CDE901050320039033
:1056F000072004901448FEF717FB154C1348206050
:105700004FF00060C4E901054014C4E90350801063
:105710006561C4E90650256220466562FEF73AFAE3
:1057200008B1FDF70FFCF463002205212520A663D4
:10573000FEF7A2FC2520FEF791FC06B070BD00002C
:105740000010014044380240000002404064024022
:10575000F8100020704770472DE9F843044690F890
:105760004100984616460D46202802D00220BDE88A
:10577000F88385B17EB100206064212084F8410067
:10578000FEF7DCFBA6848146E684A0682027B0F5FE
:10579000805F02D003E00120E9E7206910B12E46C6
:1057A00000250EE000260CE08021204603F0B4FA2C
:1057B000A8B9C6B116F8010B21684860E08C401EFC
:1057C000E084E08C4B464FF00002CDF800800028CA
:1057D000EAD14FF04001204603F09EFA40B184F830
:1057E00041700320C3E735F8020BC0F30800E3E77C
:1057F00084F841700020BAE77047FEE72DE9F047D2
:10580000041E4FF000083AD04179012937D104F144
:105810000800814600F07EF888B33D4E00203B4FE3
:10582000327828E057F8201019B314B34B79657912
:10583000AB421ED1257991F804C06D062D0EAC4502
:1058400017D19BB18D68A3689D4212D18D89A38920
:105850009D420ED10D6923699D420AD18B8AA18A8E
:105860008B4206D157F82000BDE8F0870B6821680D
:10587000F6E7401CC0B29042D4D3082A01D30020DE
:10588000F2E7224902EB420000EBC200203101EBBB
:1058900080052C212846FBF7C3F8207940002871A9
:1058A000E0696862A079A8716079687121682960EF
:1058B000216AA962012821D105F1080085F8068036
:1058C000142249460446FBF74FF8A86908B902209C
:1058D000A861204600F01EF880B1204600F0B2F822
:1058E00004F1080000F0AEF8A18801222068FEF75C
:1058F00020FBA1890122A068FEF71BFB307847F846
:105900002050401C30702846AEE70000885B002025
:10591000D50E0020002808D0016839B1816829B16E
:10592000818819B1808908B1012070470020704733
:1059300008B5022110B1806900B1014688010090CC
:1059400001E000BF0846411E0091FAD208BD0000E8
:10595000324A08B53249904207D1086840F0010048
:105960000860086800F0010009E02E4A904208D162
:10597000086840F002000860086800F0020000902B
:1059800008BD294A904207D1086840F00400086029
:10599000086800F00400F2E7244A904207D1086842
:1059A00040F008000860086800F00800E7E7204AB7
:1059B000904207D1086840F010000860086800F0C5
:1059C0001000DCE71B4A904207D1086840F0200035
:1059D0000860086800F02000D1E7174A904207D11C
:1059E000086840F040000860086800F04000C6E722
:1059F000124A904207D1086840F0800008600868A9
:105A000000F08000BBE70E4A9042B9D1086840F42C
:105A100080700860086800F48070B0E70000024001
:105A2000303802400004024000080240000C0240EE
:105A3000001002400014024000180240001C024006
:105A40000020024010B586B0040013D02068002862
:105A500010D0A18800290DD0FFF77AFFA088009010
:105A600011200190012002900220039069462068D5
:105A7000FEF75AF906B010BD70B50446012100F0DA
:105A80007DF82046FFF754FF0121204600F070F812
:105A90002046FFF74DFFA18A2069FEF73DFA012855
:105AA00006D000250021204600F062F8284670BD8F
:105AB0000125F7E710B50446012100F05FF8012148
:105AC000204600F055F82046FFF732FF002120461F
:105AD00000F054F82046FFF72BFF2046BDE81040A9
:105AE000002100F045B810B50446002100F046F84A
:105AF0002046FFF71DFF0121204600F039F820461F
:105B0000FFF716FF0121204600F038F82046BDE8D7
:105B10001040FFF70DBF10B5044601B1012100F0A0
:105B20002DF82046FFF704FF0121204600F020F861
:105B30002046FFF7FDFE2046BDE81040002100F0A2
:105B400017B870B50D460646002405F080013046B2
:105B5000FFF7E1FF6806641C050EE4B2082CF4D3DD
:105B60003046FFF789FF08B1002070BD012070BDED
:105B700083890A4680681946FEF7DBB9838A0A469C
:105B800000691946FEF7D5B92DE9F041002826D065
:105B9000002924D0002A22D013B1012B00D0FEE727
:105BA0004479012C1BD103B1FEE707460E4615468A
:105BB000FFF780FF39793846FFF7C3FF50B1002463
:105BC00006E0315D3846FFF7BCFF18B1641CA4B293
:105BD000AC42F6D33846BDE8F041FFF784BFBDE8DC
:105BE000F0810000002814D00A49C0F888110A4941
:105BF000C0F88C110949C0F890110949C0F89411F6
:105C00000849C0F898110849C0F89C110749C0F824
:105C1000A0117047E95C0008BB5E0008795C0008D1
:105C2000315C00089F5C0008555C0008C35C0008FC
:105C300070B50D4604000CD0002D0AD005F0CAF94D
:105C4000083494E8070085E80700BDE8704005F0D7
:105C5000E1B970BD70B50D4604000CD0002D0AD01E
:105C600005F0B8F9203494E8070085E80700BDE89E
:105C7000704005F0CFB970BD70B50C4605000DD071
:105C8000002C0BD005F0A6F9382205F108012046BA
:105C9000FAF76AFEBDE8704005F0BCB970BD70B59A
:105CA0000D4604000CD0002D0AD005F093F91434F1
:105CB00094E8070085E80700BDE8704005F0AAB940
:105CC00070BD70B50D4604000CD0002D0AD005F053
:105CD00081F92C3494E80F0085E80F00BDE870408E
:105CE00005F098B970BD0000FEB50D4604004AD01D
:105CF000F5B36868E0B32888D0B3B0F5807F42D8A8
:105D0000D4F8500118B1D4F85401002806D0204628
:105D1000FFF768FF94F85C0108B10120FEBD4FF465
:105D2000847104F14000FAF77BFE382104F1080089
:105D3000FAF776FEA868C4F84801E868C4F84C0190
:105D4000686860601822294604F5B070FAF70CFE06
:105D5000204600F015F90028E0D000201C4901265B
:105D600051F82030A34212D0401CC0B2032800E0FA
:105D700009E0F5D35FF0000051F820202AB1401C63
:105D8000C0B20328F8D30020FEBD41F82040288887
:105D9000ADF80000686801900E480290684602F075
:105DA000FBFF20600028EFD0D4F850212AB1204614
:105DB000D4F8581190470028E6D02A6922B120462D
:105DC000696990470028DFD084F85C61A5E700008E
:105DD000745A0020916000080200084626D028B3BB
:105DE00090ED000AB5EEC00AF1EE10FA1ED990ED62
:105DF000010AB5EEC00AF1EE10FA17D390ED020ACF
:105E0000B5EEC00AF1EE10FA10D390ED070AB5EE28
:105E1000C00AF1EE10FA0BD010EE101AB1F17E5F4D
:105E200006D010EE101A11F1814F01D000207047FA
:105E300000F10C01203000F0E7BD70B504000D4604
:105E40003AD0002D38D095ED070AB5EEC00AF1EE34
:105E500010FA01D1B7EE000AD4ED040A04F11401DE
:105E600095EC033A60EE802AD4ED030A05F1200098
:105E7000064620EE802AD4ED020A60EE801A91ECEC
:105E8000030A00F005FE002816D004F128031A1FAB
:105E9000111F304600F050FD95ED080A84ED0B0A05
:105EA00095ED090A84ED0C0A95ED0A0A84ED0D0AB8
:105EB00095ED0B0A84ED0E0A70BDF0B591B00400AB
:105EC0005CD094F85C01002858D0204600F058F8C7
:105ED000002853D04BE000212046D4F8802100F068
:105EE00098F8A0B1204600F066F80146B4F87801B1
:105EF000814243D3B4F87C31D4F88421C01A81B2F2
:105F0000204600F086F810B100256E460BE0012116
:105F1000204600F067F82AE072192946204600F072
:105F20009BF86D1CADB2B4F87801A842F4D881B2E8
:105F3000204600F057F8B4F878516E46BCB105F031
:105F400049F8D4F8487120462FB12A463146D4F892
:105F50004C31B84748B1D4F85421204612B1D4F896
:105F600058119047E06B401CE06305F053F8204661
:105F700000F021F8B4F87A319842ACD211B0F0BDFB
:105F800010B5002814D0B0F8781181B140290ED88E
:105F9000B0F87A215AB1B0F87C3143B1D0F88041E1
:105FA0002CB1D0F8840110B1D018884201D900205A
:105FB00010BD012010BD002813D0B0F84011B0F87A
:105FC0004221914205D3B0F84011B0F84201081ABD
:105FD00006E0B0F84211B0F84001C1F58071084404
:105FE00080B2704770B50D46040011D008E000BFC4
:105FF000B4F8420100F02AF8A4F842016D1EADB2D7
:10600000002D05D0B4F84201B4F840118842EFD118
:1060100070BD2DE9F8431D4617460E468046002404
:1060200010E0301981B26A46404600F015F820B100
:10603000385D9DF80010884202D00020BDE8F8834A
:10604000641CA4B2AC42ECD30120F7E7401C80B240
:10605000FF2800D90020704770B515460E46040091
:1060600004D01DB1FFF7A7FFB04201D8002070BDDA
:10607000B4F84201304481B2FF2902D9A1F5807100
:1060800089B2601890F840002870012070BD0000AF
:106090002DE9F041050014D0234A002052F82010C9
:1060A00059B10C68AC4204D04B68D5F808118B424A
:1060B00003D152F82040002631E0401CC0B2032832
:1060C000ECD3BDE8F08100BFB5F80401B5F80011CC
:1060D000304480B2814201D8401A80B215F8008065
:1060E000DCB1B4F84001FFF7B1FFB4F84211074644
:1060F000B9420AD1B4F84201FFF7A8FFA4F842015F
:10610000D4F84401401CC4F84401B4F8402104F11F
:10611000400002F80080A4F84071761CB6B2B5F8D1
:106120000601B042D0D8CCE7745A002000280AD02B
:106130000179002907D0EFF3108172B6002242776F
:10614000002900D162B6704770B50D46040012D028
:10615000002D10D0207910B1204600F0C9F8284653
:10616000EFF3108572B6142204F11C01FAF7FCFB60
:10617000002D00D162B670BD18B1017909B1407F20
:1061800070470020704770B5002833D0C468002CD9
:1061900030D0207900282DD0FDF7D0FE05462069AB
:1061A00018B1E16A691A814224D3267F204600F0A3
:1061B0009FF8207FB0421DD001280AD002216177CC
:1061C000E562206A401C2062012904D0022906D021
:1061D00008E00121F3E7606A401C606202E0A06A07
:1061E000401CA0626369002B04D02046A269BDE870
:1061F0007040184770BD00007FB5040028D039B347
:10620000AFF20B002063274860632748A06327484C
:10621000E0632748206427486064207910B101209A
:1062200004B070BD04F1080014220546FAF79CFB87
:1062300000266DB1286858B1A88848B1A87901280E
:1062400000D028B9E87928B1012803D0022801D06C
:106250000020E5E70125142104F11C00FAF7E0FB1A
:106260006677FDF76BFE2169401AE06200960196A1
:1062700002960396A0680090A089ADF806008DF8FC
:106280000460E07B8DF805000B48CDE90204684608
:10629000FCF75EFE20600028C2D02571204600F089
:1062A00027F8BCE7BD620008796100082D6100088D
:1062B000D5620008496100088761000810B5040034
:1062C00006D0207920B1204600F012F8207F10BDC2
:1062D000002010BD00280AD00379002B07D0EFF36F
:1062E000108372B6C0E90512002B00D162B6704768
:1062F00010B504000BD02068002808D0FCF724FE5D
:10630000A17B814201D1012000E00020207710BD57
:1063100070B50D4604000AD0002D08D0207910B1C8
:10632000204600F082F8D4E90501C5E9000170BDFE
:106330007FB504002AD049B3AFF20B00E0612648D4
:106340002062264860622648A0622648E06226480D
:10635000206326486063207910B1012004B070BD2D
:10636000D1E900208968A260C4E9030114F10800A2
:106370004FF000050AD04AB1818839B181790129ED
:1063800000D019B9C07918B1012801D00020E5E783
:106390006561A5610095019502950395A06800903F
:1063A000A089ADF806000126E17B204600F032F816
:1063B0008DF8040003208DF80500029520690390F4
:1063C0006846FCF7C5FD20600028C7D02671E17B38
:1063D000204600F04CF8C0E7F7630008F1630008BE
:1063E0004B6400086F640008FD6300081163000837
:1063F000002100F03CB8012100F039B810B50400CC
:1064000006D0207920B1204600F00FF8207D10BD85
:10641000002010BD002805D0807B012902D0012872
:1064200001D0012070470020704710B504000BD048
:106430002068002808D0FCF787FDA17B814201D1AC
:10644000012000E00020207510BD10B504000DD023
:10645000207900280AD02068FCF7B2FDA069401C12
:10646000A0612046BDE81040FFF7DFBF10BD10B5AA
:10647000040012D0207900280FD02046FFF7CAFF71
:106480000128206806D0FCF791FD2046BDE81040A9
:10649000FFF7CBBFFCF78FFDF7E710BD104810B535
:1064A0000E4901600621416000214FF420228160E5
:1064B000C0E903124FF48012426101760122427654
:1064C0008176C27601774177FDF7F1F8002803D095
:1064D000BDE81040FCF736BD10BD0000006800406C
:1064E000680F0020094808B5016841F48001016087
:1064F0000068002200F48000009005213A20FDF79A
:10650000BBFDBDE808403A20FDF7A8BD3038024089
:1065100010B504F039FB044A0021044803F0A0FE42
:106520000349086010BD000018BF00086B83000815
:10653000040000202DE9F04F87B014216846FAF7D7
:106540006FFA4B480025016841F0040101600168C1
:1065500001F004010591016841F001010160016849
:1065600001F001010591016841F00201016001683B
:1065700001F002010591016841F01001016001681C
:1065800001F010010591016841F008010160006807
:10659000DFF8E08000F00800059000221821404656
:1065A000FDF7C7FCDFF8D090002204214846FDF734
:1065B000C0FCDFF8C8A0012240215046FDF7B9FC1D
:1065C0004FF49857002239465046FDF7B2FCDFF8E9
:1065D000B0B0002208215846FDF7ABFC0F20CDE9F2
:1065E00000050224694602945046FDF79DFB0126F2
:1065F0004FF444100096CDE9010469464046FDF78A
:1066000093FB1820CDE9000669464046CDE90245D6
:10661000FDF78AFB04200090CDE9016569464846F4
:106620000395FDF781FB40200090CDE901646946A8
:1066300050460394FDF778FBCDE900766946504655
:10664000CDE90245FDF770FB0820CDE9000669465B
:106650005846CDE90245FDF767FB002205210620DB
:10666000FDF70AFD0620FDF7F9FC07B0BDE8F08F45
:10667000303802400000024000040240000802409E
:10668000000C024010B596B000240F9410941194A1
:10669000129413941C2168461494FAF7C1F920212E
:1066A00007A8FAF7BDF9354833490160A721C0E9C9
:1066B000011440F2E731C0E903148021C0E905412B
:1066C000FEF742F808B1FCF73DFC4FF480500F9004
:1066D0000FA92A48FEF72FF908B1FCF733FC274829
:1066E000FEF79BFC08B1FCF72DFC139413A923487B
:1066F0001494FDF7E1FF08B1FCF724FC6020CDE91C
:1067000000040294039404940594002269461B48F3
:106710000694FEF71CFC08B1FCF714FC0422694641
:106720001648FEF714FC08B1FCF70CFC0822694679
:106730001248FEF70CFC08B1FCF704FC0C22694679
:106740000E48FEF704FC08B1FCF7FCFB0794089424
:1067500009944FF400500A94CDE90B4007A907486B
:106760000E94FDF77FFF08B1FCF7ECFB0348FEF742
:10677000ABFB16B010BD000000000140900F0020E0
:1067800010B58CB024216846FAF74AF9002416485F
:10679000099414490A94C0E900144FF6FF71C0E946
:1067A0000241046184610320CDE900040120CDE9A8
:1067B000020404210491CDE90540CDE90741694671
:1067C0000948FEF726F908B1FCF7BCFB099409A9B2
:1067D00005480A94FDF770FF002801D0FCF7B2FBD2
:1067E0000CB010BD00040040D80F002010B58CB0D4
:1067F00024216846FAF714F900241648099414492C
:106800000A94C0E900144FF6FF71C0E90241046127
:1068100084610320CDE900040120CDE902040421B4
:106820000491CDE90540CDE9074169460948FEF7E5
:10683000F0F808B1FCF786FB099409A905480A9409
:10684000FDF73AFF002801D0FCF77CFB0CB010BD2F
:10685000000800402010002010B58EB000240794DE
:10686000089409940A940B941C2168460C94FAF736
:10687000D7F822482049C0E9001441F26701C0E975
:106880000241802104618161FDF75EFF08B1FCF7E0
:1068900059FB4FF48050079007A91848FEF74BF8B2
:1068A00008B1FCF74FFB1548FEF7B7FB08B1FCF742
:1068B00049FB0B940BA911480C94FDF7FDFE08B1A0
:1068C000FCF740FB6020CDE90004029404226946F5
:1068D0000A480494FEF73BFB08B1FCF733FB08229F
:1068E00069460648FEF733FB08B1FCF72BFB03486B
:1068F000FEF7EAFA0EB010BD000C00406810002050
:106900000C4810B50A4901604FF4E12141600021B3
:1069100081600C22C160C0E904128161C161FEF78F
:106920008DFE002803D0BDE81040FCF70BBB10BD66
:1069300000100140B010002070B51C462DED088BF2
:1069400015460E4600285AD0002E58D0002D56D09D
:10695000002C54D090ED01AA90ED029AB7EE008A77
:106960002AEE0A0AD0ED00AAF0EE008AF0EE480AFC
:1069700009EE090AD0ED039A40EE680A2AEE8A0A67
:1069800009EE290A20EE280A03F0FEF99FED1DBA50
:10699000BFEE001A20EE0B0A86ED000A2AEE890AE5
:1069A00009EECA0A60EE280AB0EE480AF4EEC10AFF
:1069B000F1EE10FA02D2B0EE410A06E0F4EEC00A9F
:1069C000F1EE10FA01DCB0EE600A03F047F920EEB8
:1069D0000B0AF0EE480A85ED000A29EE090A09EED5
:1069E000A90A40EE680A2AEEA90A0AEE090A20EE70
:1069F000280A03F0C9F920EE0B0A84ED000ABDEC69
:106A0000088B70BDE12E654270B50C46050015D0AF
:106A1000A4B194ED000AD4ED010A1B4920EE000A4E
:106A200000EEA00AD4ED020A00EEA00AD4ED030A9B
:106A300000EEA00A10EE100A884201DC002070BDB2
:106A400003F0CAFAB7EE001A5FF00001C1EE000AC7
:106A500004EB810090ED000A05EB8100491CC9B2EE
:106A6000042920EE200A80ED000AF1D300219FEDD9
:106A7000070A00BF05EB8100491CC9B280ED040A7A
:106A80000329F7D3012070BDCCBC8C2B0000000083
:106A900070B504002DED108BF0EE44DAB0EE63FA21
:106AA000B0EE43DAB0EE62EAF0EE42EAF0EE61FAFE
:106AB000F0EE41BAB0EE60CAF0EE40CA7ED0B5EE5C
:106AC000C0DAF1EE10FA79D9B5EEC0FAF1EE10FAAB
:106AD00074D3F5EEC0DAF1EE10FA6FD32FEEAF0AF1
:106AE000614D94ED009A94ED01AA0EEEAE0AD4ED3C
:106AF000029AD4ED038A94ED04BAD4ED05AA94ED7C
:106B0000068A0EEE0E0A10EE100AA84251DD03F0BE
:106B100063FAF0EE400AB7EE001A29EE0A2A81EE77
:106B2000200A6AEE281A09EEA82AF5EEC0DA49EE24
:106B3000691A6FEE802A2EEE803A6EEE000AB6EEEB
:106B4000000A19EE090A08EEA80A23EE001A00EE60
:106B5000C21A60EEA10A42EEC00A22EE820A03EED9
:106B6000610AF0EE001AF1EE10FA14DD2DEEA12A02
:106B700062EE012A02EE8DBA62EE202A22EE002A8F
:106B800042EE8DAA02EE0D8A7CEE8BCA3CEE2ACA3A
:106B90007BEE88BA05E0DFED35AAB0EE6ABAB0EE5A
:106BA0006A8A6FEE211A41EE81CA01EEA0CA41EE57
:106BB00080BAB6EE000A2DEE000A00E031E06AEE7F
:106BC0006C0AB0EE49EAF0EE4ADAB0EE69DA49EE64
:106BD000CC0A48EEEB0A00EE80EA69EE2C0A49EE98
:106BE000AB0A48EECC0A40EE80DA69EE0C0A4AEEB7
:106BF0006B0A48EEAC0A00EE80DA69EE2B0A4AEE28
:106C00000C0A49EEEC0A40EE808A2EEE0E0A0DEEDA
:106C1000AD0A0DEE0D0A08EEA80A10EE100AA84201
:106C200003DC0020BDEC108B70BD03F0D5F9B7EE8E
:106C3000001A0120C1EE000A2EEE200A84ED000A9F
:106C40002DEEA00A84ED010A2DEE200A84ED020A41
:106C500028EEA00A84ED030A84ED04BAC4ED05AA67
:106C600084ED068ADEE70000CCBC8C2B000000001F
:106C7000FEE7F0B1027F012A13D0428BCAB1437FF5
:106C8000CBB191ED000AD0ED030A30EE600A81ED40
:106C9000000A91ED010AD0ED040A30EE600A81EDA0
:106CA000010A91ED020AD0ED050A30EE600A81ED8D
:106CB000020A0120704790ED000AD1ED000A30EE83
:106CC000201A80ED001A90ED010AD1ED010A70EE54
:106CD000200AC0ED010A90ED020AD1ED021A30EE51
:106CE000210A80ED020A018B914201D2491C0183E5
:106CF00089B2914219D301EE901AF8EE611A81EE31
:106D0000212A01EE101AB8EE411AC0EE811A00EEE7
:106D1000901A80ED032A0121F8EE600A80EE201A15
:106D2000C0ED041A80ED051A41770020704700007D
:106D300070B505001AD02868C0B14FF47A7004F01D
:106D400021FA0B4E002400BF04EB44008119642398
:106D50000322286802F0D4F8002806D0052004F0A9
:106D600011FA641C082CEFD3012070BD002070BD07
:106D70005CBF0008FEB50400184608D039B1162AD9
:106D800005D10A78802A02D14A7D0D2A01D000203F
:106D9000FEBD31F8052F52BA0FFA82FC00EE10CA80
:106DA0004A88CD88F8EEC00A9FED270A52BA6DBA1C
:106DB00013B22EB260EE800A8A880D894989CDED22
:106DC000000A00EE903A52BA12B2F8EEE00A49BA5E
:106DD0006DBA0FB260EE800A2DB26946CDED010AA0
:106DE00000EE902AF8EEE00A20EE800A8DED020A0D
:106DF000FFF73FFF0028CBD09DED000A012084ED76
:106E0000050A9DED010A84ED060A9DED020A84ED56
:106E1000070A00EE106AF8EEC00A9FED0C0A60EE59
:106E2000800AC4ED020A00EE905AF8EEE00A60EE25
:106E3000800AC4ED030A00EE907AF8EEE00A20EE34
:106E4000800A84ED040AFEBDA9689239A889003B36
:106E500010B504462DED048B90F83400DFED408A28
:106E600010B994F8350020B1B7EE001AFFEE000A11
:106E700003E0B7EE001AF0EE680A03F05BF9B0EE3B
:106E8000408AB0EEC80AB5EEC00AF1EE10FA02D898
:106E9000B0EE689A07E0D4ED180A94ED179A70EEF8
:106EA000C90A00EE809AB5EEC08AF1EE10FA17DD3D
:106EB00094F8350038B10121204600F0CEFA0121C6
:106EC000204600F08FFAB0EE490A206800F0F0FF8B
:106ED000606818B1B0EE680A00F0EAFF012029E00E
:106EE000B5EEC08AF1EE10FA11D26068002894F86D
:106EF00035000AD038B30121204600F0AEFA022155
:106F0000204600F06FFA206823E00028F3D1B0EEAD
:106F1000680A206800F0CCFF606818B1B0EE680A1B
:106F200000F0C6FF94F8350018B10021204600F0AB
:106F300059FA002084F87A0084ED1F8AC4ED208A73
:106F4000BDEC048B10BDB0EE680A206800F0B0FF05
:106F50006068B0EE490A00F0ABFF0220EAE70000EB
:106F60000000000070B50D46040008D0002D06D0CA
:106F700000F022FA783494E80F0085E80F0070BD25
:106F800028B1016819B1808808B10120704700203C
:106F9000704700002DE9F041040077D0002975D03A
:106FA000AFF20F00C4F888004248C4F88C00424891
:106FB000C4F890004148C4F894004148C4F89800CF
:106FC0004048C4F89C004048C4F8A0003F48C4F8BA
:106FD000A400207B10B10120BDE8F08104F1100075
:106FE00068220546F9F7C0FC284600F071F804F164
:106FF000140000F0D5F80028EED0207C00260127F0
:1070000040BB35B195F8440018B1A86CF0B30079D5
:10701000E0B394F8340038B104F1240000F0C0F873
:107020000028D9D0207CA8B9A5B195F8250088B151
:1070300005F12800FFF7A4FF40B305F13000FFF78A
:107040009FFF18B395F8400020B105F13800FFF715
:1070500097FFD8B1A667E667C4F88060C4F884607B
:10706000207C84F8780094F8540000B1A06DA060F2
:10707000204600F0ABF80028AED094F8350048B1B7
:107080000021204600F0AEF9002100E00FE020468C
:1070900000F0E3F92773204600F02EF994ED1D0A65
:1070A000204600F011F9204600F086F993E7002011
:1070B00092E70000F972000841730008C9720008E5
:1070C000E37200085572000877740008656F0008C5
:1070D00000285CD0D0ED130A9FED2D0AF5EEC00A12
:1070E000F1EE10FA01D280ED130AD0ED140AB7EEDA
:1070F000001AF5EEC00AF1EE10FA04D910EE901A5B
:10710000B1F17E5F01DD80ED141AD0ED130AD0EDF0
:10711000141AF4EEE10AF1EE10FA03DD80ED130A21
:1071200080ED141A0278012A1FD190ED161AD0EDC5
:10713000150AB4EEE01AF1EE10FA05D880ED150A42
:107140009FED140A80ED160AD0ED180A90ED170A8B
:10715000F4EEC00AF1EE10FA07D89FED0F0A80EDA9
:10716000170A9FED0E0A80ED180A816C11B10121FA
:1071700080F8441090F8253000210BB180F82410DD
:10718000002A04D080F84410816480F825107047EC
:1071900000000000000034430000FA4300401C459A
:1071A00080B1016871B190ED020AB5EEC00AF1EE4E
:1071B00010FA07D9406838B1042805D0082803D050
:1071C0000C2801D0002070470120704710B5040042
:1071D0002DED028B86B019D018216846F9F720FCF6
:1071E00060690090A069019094ED070A9FED188AEC
:1071F0008DED020A8DED038A6846059400F0B2FD1C
:107200002060002803D0207C28B11FE0002006B0B9
:10721000BDEC028B10BD94F83400B8B194F8350081
:10722000A0B918216846F9F7FBFB606A0090A06AD4
:10723000019094ED0B0A68468DED020A8DED038AEC
:10724000059400F08FFD60600028E0D00120DEE7AB
:107250000000000010B504002DED028B2FD0207B24
:1072600000282CD0207C012829D194ED1A1AD4EDC5
:10727000190A02F05FFFB0EE408A94ED1A0A94ED0D
:10728000192AD4ED1B1A206830EE421A94ED1C0A1C
:1072900070EE610A38EE420A20EE200AC0EE010AC2
:1072A0009FED081A70EEA10A80EE810A00F057FEE9
:1072B000002084F87A0084ED208A84ED1F8ABDECDA
:1072C000028B10BD00247449002809D0017B0029DD
:1072D00006D0017C012901D000F003B8FFF7BABF46
:1072E0007047002807D0017B002904D0017C0029C9
:1072F00001D1FFF7ADBD704710B504001ED0207B53
:1073000000281BD0206800F03AFE606808B100F049
:1073100036FE94F8350018B10121204600F09DF8A2
:10732000A06818B1017F09B9FBF73AFD012084F884
:1073300079002046BDE8104000F03EB810BD0000C6
:1073400010B504002DED028B31D0207B00282ED00B
:1073500020689FED188AB0EE480A00F0A9FD206869
:1073600000F013FE606830B1B0EE480A00F0A0FDF6
:10737000606800F00AFE94F8350050B10021204604
:1073800000F030F894F8510018B90021204600F0C0
:1073900064F8002084F8790084F87A0084ED1F8A6C
:1073A0002046BDEC028BBDE8104000F005B8BDECF6
:1073B000028B10BD0000000010B588B0040009D099
:1073C000A06848B16946FBF731FC9DED050A00BF96
:1073D00084ED210A08B010BD9FED010AF8E7000016
:1073E0000000000070B50A464FF0000104000D4691
:1073F00032D094F8350000282ED0012A06D0022A77
:107400000FD094F85100E0B1012115E094F852003A
:10741000002803D04FF000010ED110E04FF0010121
:10742000FAE794F85200002803D000BF4FF00101A2
:1074300001E04FF0000102D14FF0010501E04FF0F3
:10744000000504F1380000F026F8294604F1400058
:10745000BDE8704000F01FB870BD00280AD090F859
:107460003520002A06D090F85020002A02D048305B
:1074700000F011B8704710B504000BD0207B002835
:1074800008D0A06808B1FBF7BBFC2046BDE810405F
:10749000FFF792BF10BD70B50D460446FFF770FDB3
:1074A000002806D0A1882A462068BDE87040FCF775
:1074B00040BD70BDFEE7FEB50024002825D00029A0
:1074C00023D0884221D80A266D46B2FBF6F706FB88
:1074D0001727B2FBF6F230372F55641CE4B20AB11D
:1074E0000A2CF2D330229C420AD20A2C08D22A5506
:1074F000641CE4B2F7E7641EE4B22A5D00F8012BD5
:107500000CB18842F7D300210170FEBD002832D0B3
:107510001949C0F838141949C0F83C141849C0F882
:1075200040141849C0F844141749C0F848141749C2
:10753000C0F84C141649C0F850141649C0F8541439
:107540001549C0F858141549C0F85C141449C0F81E
:1075500060141449C0F864141349C0F8681413493E
:10756000C0F86C141249C0F870141249C0F87414B1
:107570001149C0F878147047D5790008857B000858
:10758000517C0008BD750008697800085177000833
:10759000AD77000825760008FB7700080B77000818
:1075A000E1760008FD7C0008DF7C0008C17C000853
:1075B000797C00089D7C0008BF79000810B50400A4
:1075C0000AD0002100F050F92079002804D020468C
:1075D000BDE8104000F03CBB10BD00281FD0017971
:1075E00021B1012904D059B118D109E0016806E0A0
:1075F000816899B1016989B1818979B1818A69B15B
:10760000C18B01B98021008C00B9402031B18029A3
:1076100004D818B1402801D8400701D00020704795
:10762000012070472DE9FF4F81B09B46019800284B
:107630004FD0808D0623B0FBF3F0884249D90198E2
:10764000C08DB2EBD00F44D24FF6FF7001EB410179
:1076500000EA410A00EAC208ABF1200000254FF021
:107660000109009001E0052D11D200995F2901D296
:10767000052D04D31948284490F89B7008E017485A
:107680000BEB8B010144481910F8A07C00E00027A7
:1076900000240AEB050600BF09FA04F0384205D0C1
:1076A00008EB040082B2B1B20E9B07E00E98B1B2B3
:1076B000002808EB040082B20ED00023019800F0ED
:1076C00047F8641CE4B2082CE6D36D1CEDB2062D1D
:1076D000C9D305B0BDE8F08F0123EFE774BF000800
:1076E000F0B587B016460C9D0F4604000BD01A4625
:1076F000182101A800F0EEF801AB324639462046C9
:10770000009500F07AF807B0F0BDF0B587B01646E6
:107710000C9D0F46040019D04FF000018DF80410A5
:1077200001A81A000DF11B0106D5884203D22D23B2
:107730008DF80430401C52420023FFF7BCFE01AB21
:10774000324639462046009500F057F807B0F0BDA4
:1077500070B5002823D0848D8C4220D9C58D9542E8
:107760001DD9D60806FB041102F00702012404FA11
:1077700002F289B2D5B24218012B92F836100FD01E
:10778000002B0B460FD06B4082F83630DAB28A42BB
:1077900005D090F83614B440214380F8361470BDFB
:1077A00041EA0503F0E7AB43EEE700002DE9F04FB7
:1077B0001E46099F924689465FEA000B1BD0002EA9
:1077C00019D0002F17D0002513E000240AEB05087C
:1077D0000BE000BF09EB040081B21FFA88F25846A3
:1077E0000A9BFFF7B5FF641CA4B2B442F2D36D1C30
:1077F000ADB2BD42E9D3BDE8F08F2DE9F84F1E468A
:10780000DDF828B08846070028D0002E26D0B88D95
:107810000621B0FBF1FAF88D41464FEAD009D04578
:107820001CD24A451AD20D46144612E00A2B17D034
:10783000554502D3641C4546A4B24C450CD22246A1
:1078400029463846CDF800B0FFF7ECFE6D1CADB20E
:10785000761C3378002BE9D13D867C86BDE8F88F15
:10786000641C4546A4B2F3E7F0B500282ED00129E8
:1078700006D04FF0000EC28DC2F3C707002223E0EE
:107880004FF0FF0EF7E70026334610E002FB04340A
:10789000A4B200EB040C02299CF8365017D07446B1
:1078A000AC4202D08CF8364001265B1C9BB2848D22
:1078B0009C42EBD836B190F83644012393401C43E8
:1078C00080F83644521CD2B2BA42DCD3F0BD85F007
:1078D000FF04E5E72DE9F0411446002817D0002900
:1078E00015D000270770062C00D906244618B4EEE0
:1078F000400A761EF1EE10FA84460AD0042906D317
:107900006E2101706122427081708CF80370BDE8B5
:10791000F081B5EEC00AF1EE10FA08D2B44504D2F7
:107920002D228CF8002000F1010CB1EE400A10EE7F
:10793000102AB2F19F4F09DB0429E8D36F210170AF
:107940007621417066218170C770E0E720460121F1
:1079500005E000BF01EB81014900401EC0B20028D4
:10796000F8D1FCEEC00A10EE902A00EE902AF8EE54
:10797000600A70EE600A00EE101AB8EE401AB6EE19
:10798000000A00EE810ABCEEC00A10EE105A8D42C9
:1079900001D36D1A521C002331466046FFF78BFD60
:1079A000002CB4D0B042B2D22E2100F8011B2346E5
:1079B00007702A463146BDE8F041FFF77CBD00283C
:1079C00007D0002905D0C26A0A60026B4A60808E27
:1079D00008817047F0B589B004000F460BD0084607
:1079E000FFF7FBFD38B12046FFF790FD207920B16D
:1079F000012009B0F0BD0020FBE7FE8B06B9802610
:107A00003D8C05B9402540F27C412046F9F708F845
:107A10002046FFF77BFD2422394604F10800F8F7E1
:107A2000A3FFE684258594F8240010B93C2084F84F
:107A3000240024216846F8F7F3FFA068009094F82A
:107A400024008DF80400207B8DF8050000208DF8BF
:107A50000600142204F1100102A8F8F785FF684619
:107A60000894FDF7CBFE20600028C2D0A685E585EE
:107A7000AE21204600F052F92021204600F04EF9B8
:107A80000021204600F04AF9B021204600F046F9D6
:107A900094F82A0008B1C02100E0C821204600F077
:107AA0003DF90021204600F039F91021204600F070
:107AB00035F94021204600F031F98121204600F0BF
:107AC0002DF97F21204600F029F994F82A0008B109
:107AD000A02100E0A121204600F020F994F82B001D
:107AE00008B1A72100E0A621204600F017F9A8213F
:107AF000204600F013F9681EC1B2204600F00EF9CE
:107B0000A421204600F00AF9D321204600F006F90E
:107B10000021204600F002F9D521204600F0FEF8B1
:107B20008021204600F0FAF8D921204600F0F6F82E
:107B3000F121204600F0F2F8DA21204600F0EEF8BC
:107B4000402D1DD00221204600F0E8F8DB21204620
:107B500000F0E4F84021204600F0E0F88D212046B6
:107B600000F0DCF81421204600F0D8F80120207144
:107B70002046FFF723FD0121204600F07DF838E77D
:107B80001221E0E72DE9F04F85B05FEA00085DD0F3
:107B900098F8040078B3B8F82E000024C0F3C709A1
:107BA0004DE0A04098F8361400F0FF0A11EA0A0FE1
:107BB00043D004F1B000C1B2404600F0AFF8D0B1FC
:107BC0000021404600F0AAF8A8B11021404600F07C
:107BD000A5F880B1B8F82C7008F1360004FB070B4B
:107BE000B8F1000F32D0D8F8000020B1BBF1000F7F
:107BF0002CD0002619E029E0B81B85B2102D00D941
:107C0000102540208DF800000BEB06012A460DF1EF
:107C10000100F8F764FE681C82B200236946D8F8B8
:107C20000000FDF7B1FF701986B2BE42E4D398F8A8
:107C3000360420EA0A0088F83604641CE4B24C4595
:107C40004FF00100ADD305B0BDE8F08F0020FAE79A
:107C500040B1017931B1C18DC1F3C701082903D306
:107C6000FF2105E00020704701228A40521ED1B258
:107C700080F83614FFF786BF70B50C46050002D0B9
:107C80001CB1AF2102E0002070BDAE2100F046F82B
:107C90000028F9D085F83440012070BD70B50C463D
:107CA000050002D01CB1A72102E0002070BDA62172
:107CB00000F034F80028F9D085F82B40012070BD81
:107CC00038B50400049808D000902046FFF708FD5E
:107CD0002046BDE83840FFF755BF002038BD38B515
:107CE0000400049808D000902046FFF70EFD2046BF
:107CF000BDE83840FFF746BF002038BD38B5040066
:107D0000049809D043B100902046FFF776FD204645
:107D1000BDE83840FFF736BF002038BD08B570B168
:107D2000026862B100228DF800208DF80110134620
:107D3000006802226946FDF727FF012008BD0020E8
:107D400008BDB4EEE00AF1EE10FA02D2B0EE600A1D
:107D50007047B4EEC10AF1EE10FAF9DDB0EE410A57
:107D6000704700002DE9F041050029D02C683CB394
:107D7000696829B1042903D0082901D00C291FD131
:107D800095ED020AB5EEC00AF1EE10FA18D92B4EA5
:107D90000020294F32780FE057F8203053B1D3F844
:107DA00000C0A44506D15B688B4203D157F8200080
:107DB000BDE8F081401CC0B29042EDD3102A01D33F
:107DC0000020F5E71E49C2EBC20001EB80041C2134
:107DD0002046F8F725FE286820606868606095ED09
:107DE000020AB7EE001A84ED030A95ED030ADFEDEF
:107DF000150AFFF7A6FF84ED040A28696061686927
:107E0000A061206800F020F8A0600028D0D094ED98
:107E1000030A204600F07AF894ED040A204600F0A8
:107E200047F8D4E90001FDF74BF9307847F82040D6
:107E3000401C30702046BBE7C85E0020D60E0020F4
:107E4000085D00200000000070B5002811D0006817
:107E5000134CA0F18041134DB1F5005F0AD8FCF737
:107E6000F7F92168C1F3822113E0012100E002212A
:107E7000484370BD0C490144B1F5806F04D90B49EA
:107E80000844B0F5006F08D8FCF7F2F92168C1F397
:107E90004231695C0029EAD1E7E7002070BD0000AB
:107EA0000838024054BF00080000FFBF00C0FEBFFA
:107EB00010B5040020D0206800281DD0B7EE001AAD
:107EC000DFED110AFFF73DFF20680168C86A6268AC
:107ED000401C00EE900AF8EE600A60EE800AFCEEAC
:107EE000E00A10EE900A42B1042A08D0082A08D00D
:107EF000C1F8400084ED040A10BD4863FAE78863C6
:107F0000F8E7C863F6E7000000000000002825D06D
:107F10000268002A22D0B5EEC00AF1EE10FA1DD98F
:107F2000816800291AD000EE901A5168B8EE601AE4
:107F3000491C00EE901AF8EE601AC1EE210A60EEBC
:107F4000200AFCEEE00A10EE901A01B9012180ED42
:107F5000030A1268491ED1620068C1607047002898
:107F60000CD090ED031AB5EEC01AF1EE10FA05D957
:107F7000C0EE010AB0EE600AFFF79ABF7047002812
:107F800002D003C8FDF79CB87047002802D003C890
:107F9000FDF7FAB87047000010B5040017D0207F35
:107FA000002814D094ED091AD4ED080A94ED140AAF
:107FB00002F0C0F884ED140AD4ED020AF5EEC00A0E
:107FC000F1EE10FA04D080EE201A84ED111A10BDE3
:107FD0009FED020A84ED110A10BD000000000000B0
:107FE000002808D0017C002905D090ED061AD0EDBC
:107FF000050A02F09FB8704710B504002DED028B02
:10800000F0EE408A9FED490A7ED0207800287BD090
:10801000B5EEC01AF1EE10FA01D2B0EE401AA06E21
:1080200008B1012100E0002170EEE81AC4ED0C0A4D
:10803000C4ED0D8A84ED181AC4ED0E1AD4ED0A0AA7
:10804000F5EEC00AF1EE10FA08DDB0EEE12AB4EE6A
:10805000E02AF1EE10FA01D8012000E0002084F8B7
:10806000640040B184ED0E0A94F82D20F0EE401A21
:108070000AB184ED110AB5EEC01AB0EE408AF1EEF5
:1080800010FA0EDD69B194F82C1021B194ED100AAC
:1080900030EE680A03E094ED0F0A31EEC00A80EE7C
:1080A000018AB5EEC01AF1EE10FA06DD28B994ED9A
:1080B000110A01EE810A84ED110A84ED128A94ED11
:1080C000010A204620EE210A84ED130A94ED020AEB
:1080D000D4ED110A20EE200A84ED140AFFF75CFFAC
:1080E00094ED030A204620EE080A84ED150AD4ED2B
:1080F000130A94ED141A70EE810A30EE800AFFF72D
:108100006FFFD4ED0E0A00E00CE0C4ED0F0AC4EDE1
:10811000108AD4ED160AC4ED170A84ED160AA06E73
:10812000401CA066BDEC028B10BD000000000000EA
:108130000B46002807D0002B05D000F130013C226F
:108140001846F8F711BC704770B504003CD0D9B39D
:10815000AFF20B00E06621482067214860672148A4
:10816000A0672148E0672148C4F880002048C4F88F
:1081700084002048C4F88800207808B1012070BD30
:108180002C22201DF8F7F0FB201D1DD090ED090AD0
:10819000B5EEC00AF1EE10FA16D3017B41B190EDB5
:1081A000040AD0ED050AB4EEE00AF1EE10FA0BDC99
:1081B000017E012551B190ED070AD0ED080AB4EE19
:1081C000E00AF1EE10FA01DD002070BD3C2104F15F
:1081D0003000F8F725FC2570D0E70000F97F000893
:1081E000F9810008718200085F8200082D82000872
:1081F0000782000831810008002803D03C2130307C
:10820000F8F70EBC704700280FD00278002A0CD077
:1082100021B1B4EEE00AF1EE10FA06DC017780ED50
:10822000080AC0ED090AFFF7B7BE704710B5040091
:1082300014D02078002811D021B1B4EEE00AF1EE7C
:1082400010FA0BDC217484ED050AC4ED060A94EDE6
:10825000160A2046FFF7C4FE84ED160A10BD00285A
:1082600005D00178002902D0001D80EC030A704778
:10827000002804D00178002901D080ED0C0A704755
:108280000FB410B503A9029800F003F810BC5DF814
:1082900014FB10B5C0B00B4602464FF4807168461F
:1082A000F8F7C0F9041E05DD00208DF8FF006946CF
:1082B00000F04EF840B0204610BD00002DE9F0411E
:1082C00007460B4815460E46007808B901F0FEFB3C
:1082D000EFF31184202080F311882A463146384676
:1082E00000F008F8E1B281F31188BDE8F0810000E8
:1082F0000863002070B50E46144900EB400001EB06
:10830000C0051446E86A183520B101280FD00228AC
:1083100005D113E0284601F00DFCA04201D2002453
:1083200011E022463146284601F03CFC0BE028468D
:1083300001F000FCA042F4D20446F2E731462846A0
:1083400001F003FC0446204670BD000008630020D5
:1083500070B505460C460846F8F7A2FA02462146D3
:108360002846BDE87040FFF7A9BF012001F032FFA9
:10837000FBE710B54FF0E020006903F077FB012820
:1083800003D0BDE8104003F0A5B810BD30B593B0E0
:1083900030216846F8F744FB14210CA8F8F740FB9D
:1083A0001D480025016841F080510160006800F01F
:1083B000805011901948016841F4804101600068C3
:1083C000022400F4804011900120039010200490BA
:1083D000009406940820CDE90750A820CDE90904AF
:1083E00004200B906846FBF785FF08B172B6FEE7E4
:1083F0000CA90F2081E831004FF4A0500F904FF4EA
:108400008050109005210CA8FBF768FE002801D0D1
:1084100072B6FEE713B030BD403802400070004035
:108420000248016841F470010160704788ED00E086
:108430000148FCF7B1BC00005811002020B10068D1
:1084400010B10068406A704700207047F0B5060020
:108450000CD0306850B1C36800225B1C42F10004AC
:10846000F068154653EA040702D003E00020F0BD8F
:1084700000230124081A65EB020265084FEA33075E
:10848000B7EB000C75EB020C03DAC01A62EB0402C6
:108490000AE04FF0000C7F426CEB050CC51B72EB41
:1084A0000C0501DAC01862416FF00043F160002151
:1084B0001B1A914102DA6FF00040F0BD4FF000410D
:1084C000411A72F1FF31F8DA4FF00040F0BD0000C0
:1084D00030B4002815D00D4B00210B4A1B780EE05C
:1084E00052F821404CB12468844206D152F8210050
:1084F0000169002905D030BC0847491CC9B299421E
:10850000EED330BC70470000B05F0020D70E0020D3
:108510002DE9F041040025D027681FB3217909B166
:1085200001291FD1607918B1012801D0022819D181
:10853000274B0020254E1A7810E000BF56F8205037
:1085400055B1D5F800C0BC4506D12D798D4203D177
:1085500056F82000BDE8F081401CC0B29042EDD337
:10856000072A01D30020F5E7A768012901D00027D9
:1085700001E007B93C27154902EB4200A83901EB9D
:10858000C005984618212846F8F74AFA206828605E
:108590002079287160796871AF6020680068406A4E
:1085A000E860E06828612069686198F8000046F892
:1085B0002050401C88F80000687920B1284600F05F
:1085C00012F80028C6D02846C4E70000B05F00209B
:1085D000D70E0020002805D00268002A02D01268B9
:1085E0005162C160704710B598B102688AB10179D3
:1085F000012906D04079022810460FD0FCF7F4F884
:1086000006E0417902298168104604D0FCF7A6FAF9
:1086100038B1002010BDFCF7E8FAF9E7FCF720F9C3
:10862000F6E7012010BD10B598B102688AB1017952
:10863000012906D04079022810460FD0FCF750F9E6
:1086400006E0417902298168104604D0FCF728FB36
:1086500038B1002010BDFCF756FBF9E7FCF753F9E1
:10866000F6E7012010BD0000F0B50268274B284D49
:10867000284E294F294C4FF0804C984209D0604534
:1086800007D0A84205D0B04203D0B84201D0A042E2
:1086900004D122F0700E4A6842EA0E0298421BD0C2
:1086A000604519D0A84217D0B04215D0B84213D0B7
:1086B000A04211D01A4DA8420ED01A4DA8420BD09C
:1086C000194DA84208D0194DA84205D0184DA8420E
:1086D00002D0184DA84203D122F44075CA682A433B
:1086E0004D6922F080022A438D68C5620D6885625B
:1086F000984201D0A04201D109690163016841F0AB
:1087000004010160012141610260F0BD00000140EF
:108710000004004000080040000C0040000401403C
:108720000040014000440140004801400018004062
:10873000001C00400020004010B501F01F03012183
:10874000046A99408C430462016A9A4011430162B1
:1087500010BD10B5846842EA032224F47F440A4322
:108760002243826010BD826822F070020A4342F008
:108770000701816070470000F0B5036A026A22F0C9
:108780000102026242688469124E24F073050C688B
:108790002C4323F002058B682B430D4DA84201D0DA
:1087A000B04205D123F00807CB683B4323F0040314
:1087B000A84201D0B04205D14D6922F44072154360
:1087C0008A692A4342608461496841630362F0BD5B
:1087D0000000014000040140F0B5026A036A23F082
:1087E00010030362436884690D6824F4E64444EA94
:1087F00005248D6822F0200242EA05120F4D104E2A
:10880000A84201D0B04206D1CF6822F0800242EAED
:10881000071222F04002A84201D0B04207D14D69B0
:1088200023F4406343EA85038D6943EA850343608B
:108830008461496881630262F0BD0000000001406C
:1088400000040140F0B5026A036A23F480730362F6
:108850004368C46922F4007224F073050C68124E58
:108860002C438D6842EA05220E4DA84201D0B04249
:1088700006D1CF6822F4006242EA072222F4806225
:10888000A84201D0B04207D14D6923F4405343EAD6
:1088900005138D6943EA05134360C4614968C163E8
:1088A0000262F0BD000001400004014030B5046ADE
:1088B000026A22F4805202624268C3690D6823F49E
:1088C000E64343EA05238D6824F4005444EA053462
:1088D000084DA84202D0084DA84204D14D6922F4A7
:1088E000804242EA85124260C361496801640462C1
:1088F00030BD0000000001400004014010B5036AD3
:10890000046A24F001040462846924F0F00444EA57
:10891000021423F00A020A438461026210BD10B5FA
:10892000036A046A24F010040462846923F0A0033B
:1089300024F4704444EA023243EA01118261016284
:1089400010BD10B5806B0021C185FCF703FD10BD83
:1089500070B5846B2068406994F84110C0F3C01072
:108960000025212904D118B1E584204600F08EF8B5
:108970002068406994F84210C0F38010222904D185
:1089800018B1E585204600F05AF8606C40F0100000
:1089900060642046FCF7DEFC70BD10B50146806BBC
:1089A000096809684FF00002C9052ED4C285016824
:1089B0000C3151E8003F23F4807341E80034002C6F
:1089C000F5D10168143151E8003F23F0010341E87B
:1089D0000034002CF5D10168143151E8003F23F038
:1089E000400341E80034002CF5D1202180F84210EA
:1089F000016B012909D101680C3151E8003F23F0D6
:108A0000100341E80034002CF5D14263016B0129C9
:108A100002D0FCF79FFE10BD818DFCF729FC10BD34
:108A200010B5806B01214163016B012902D0FCF775
:108A300092FE10BD818D4908FCF71AFC10BD01683B
:108A40000C3151E8002F22F4907241E80023002BF2
:108A5000F5D10168143151E8002F22F0010241E8FC
:108A60000023002BF5D1016B012909D101680C31DC
:108A700051E8002F22F0100241E80023002BF5D12D
:108A8000202180F8421000210163704701680C31F9
:108A900051E8002F22F0C00241E80023002BF5D15D
:108AA000202180F84110704708B590F84210222923
:108AB00001D0022008BD82684FF480539A4201D150
:108AC000016921B1816A9A421BD04AB10AE0026869
:108AD000816A5268C2F308020A80816A891C08E030
:108AE000026972B10268526802F07F020A70816AFC
:108AF000491C8162C18D491E0904090CC18503D03E
:108B00001BE002685268F1E70168CA6822F020029F
:108B1000CA600168CA6822F48072CA6001684A6942
:108B200022F001024A61202180F8421000214163B5
:108B3000026B012A03D0FCF70DFE002008BD016383
:108B400001680C3151E8002F22F0100241E80023A7
:108B5000002BF5D101680A68D20602D50A68496877
:108B60000091818DFCF784FBE7E7000070B50446B7
:108B700000680169E26821F44051114301612169F3
:108B8000A068E26908436169114308432168CA6823
:108B900049F20C639A430243CA6020684169A269A2
:108BA00021F440711143416131492068884202D06B
:108BB0003049884202D1FBF75BFB01E0FBF748FB41
:108BC000E2690023192164253226B2F5004F62685C
:108BD00028D0A0FB0101930F9200F7F7ABFC0146F0
:108BE000B0FBF5F06FF01802504301EB800006EB8C
:108BF0000010B0FBF5F000F0F002B1FBF5F002EB75
:108C00000012B1FBF5F06FF01803584301EB800040
:108C100006EB0010B0FBF5F000F00F0021681044E7
:108C2000886070BDA0FB010192185B41F7F782FCE0
:108C30000146B0FBF5F00201B1FBF5F06FF018034F
:108C4000584301EB800006EBC000B0FBF5F000F0EC
:108C5000F80002EB4002B1FBF5F0584301EB800055
:108C600006EBC000B0FBF5F000F00700D6E700000F
:108C7000001001400014014038B58162044682852D
:108C8000002013466064222284F84220E56B1F4ACC
:108C9000EA63E56B1E4A2A64E56B1E4AEA64E26BEE
:108CA00010650A462168E06B091DFAF7DDFF30B157
:108CB00010206064202084F84200012038BD206824
:108CC000016840680090206948B120680C3050E885
:108CD000001F41F4807140E80012002AF5D120689D
:108CE000143050E8001F41F0010140E80012002A52
:108CF000F5D12068143050E8001F41F0400140E8F1
:108D00000012002AF5D1002038BD00009B89000820
:108D1000218A0008518900082DE9F8439846174632
:108D20000D460446089E24E0701C22D0FBF706F98D
:108D3000A0EB0800B0421AD8CEB12068C16849073C
:108D400017D5802D15D0402D13D00168C9430907D0
:108D50000FD401680025406800902046FFF76FFEA1
:108D60000820606484F840500120BDE8F8830320A7
:108D7000FBE72068006835EA000004D00020B84214
:108D8000D2D00020F1E70120F9E700000148FCF70C
:108D900015BB0000B01000202DE9F041040011D0F7
:108DA000208878B1B0F5807F0CD8626852B1224E2D
:108DB000317803290DD321A322A223A124A0FFF7F8
:108DC0005FFAF8E71DA31FA21FA12FA0FFF758FA13
:108DD000F8E70020394F0EE057F82030D3F808317B
:108DE000934206D115A317A217A135A0FFF748FAA1
:108DF000F8E7401CC0B28842EED301EB01103F49B6
:108E000001EB00154FF488712846F7F709FE6068FA
:108E1000C5F808012088A5F80001A068C5F80C0174
:108E2000307847F82050401C3070284600F076F823
:108E30002846BDE8F0810000D80E00201B5B306D95
:108E400000000000453A00001B5B313B33316D00F0
:108E50002020257325735B6273705F757361727474
:108E60005D20555341525420657863656564206DDB
:108E7000617820696E7374616E636520636F756ECF
:108E800074210D0A257300002020257325735B6271
:108E900073705F75736172745D2055534152542035
:108EA000696E697420636F6E66696720696E7661AA
:108EB0006C6964210D0A257300000000FC6200202B
:108EC0002020257325735B6273705F757361727404
:108ED0005D20555341525420696E7374616E636511
:108EE00020616C726561647920726567697374656D
:108EF000726564210D0A257300000000CC5F00201C
:108F000010B538B1D0F8080120B119B112B1FCF791
:108F100023FC08B1002010BD012010BD10B504468F
:108F2000B0F80021D0F808012146FCF77BF90028B1
:108F30000DD1A4F80201A4F80401A4F80601D4F8A4
:108F40000801C06B0068016821F00801016010BDD4
:108F5000FEE710B504002DED028B16D02068002826
:108F600013D094ED0A1AD4ED090A01F0E3F8B0EE3B
:108F7000408A204600F020F8206820EE080ABDEC68
:108F8000028BBDE81040FEF7ACB9BDEC028B10BD02
:108F900070B50D4604000ED0002D0CD0207A10B113
:108FA000204600F07FF904F130012846BDE870400A
:108FB0002422F7F7D9BC70BD28B190F82C0010B16D
:108FC000BFEE000A7047B7EE000A70472DE9F04186
:108FD00005007DD000297BD0AFF20F0068655648B0
:108FE000A8655648E8655648286656486866564853
:108FF000A8665648E86656482867287A002868D147
:1090000005F10C0024220446F7F7AEFCECB3D4EDD6
:10901000040AB7EE000AF5EEC00AF1EE10FA01D824
:1090200084ED040AD4ED050AF5EEC00AF1EE10FA5B
:1090300001D884ED050A94ED061AFFEE000AB5EE9C
:10904000C01AF1EE10FA0AD194ED071AB5EEC01A63
:10905000F1EE10FA03D1C4ED060A84ED070AA06907
:1090600010F1814F01D9C4ED060AE069B0F17E5FCD
:1090700001DD84ED070A94ED061AD4ED071AB4EE6B
:10908000E11AF1EE10FA05DD00E003E0C4ED060A96
:1090900084ED070A0026DCB12068C8B1017BB9B1B4
:1090A000017CA9B994ED030AB5EEC00AF1EE10FAFD
:1090B00024D994ED040AB5EEC00AF1EE10FA1DD9D8
:1090C00094ED050AB5EEC00AF1EE10FA16D901E0EA
:1090D00014E02EE094ED060AD4ED070AB4EEE00A9F
:1090E000F1EE10FA0ADC217A012719B162682AB17F
:1090F00012781AB1286021B1286903E00020BDE888
:10910000F08100206860242105F13000F7F788FC29
:1091100085F83160686808B1FFF76EF82F7295F82E
:109120002D000028284602D000F08CF801E000F065
:10913000B9F80120E3E700004592000869920008B1
:10914000A1910008899100087993000855910008C1
:10915000918F000810B5040012D0207A00280FD09B
:109160002068806808B1F9F7E3FD9FED060A204604
:1091700084ED120A84ED130ABDE8104000F092B8A5
:1091800010BD000000000000002808D0017A00296E
:1091900005D0D0ED060A20EE800A00F001B8704735
:1091A00010B504002DED028BB0EE408A45D0207A38
:1091B000002842D084ED0D8AD4ED060A9FED200AE6
:1091C000F5EEC00AF1EE10FA02D8F0EE401A03E014
:1091D000B0EE481AC1EE201AC4ED0E1A6068B0B1A4
:1091E000012184F83110B0EE480AFFF741F894F8F5
:1091F0002E00002821D0B5EEC08AF1EE10FA1CD165
:109200006068BDEC028BBDE81040FEF7F5BF0020A2
:1092100084F83100D4ED080AF5EEC00AF1EE10FA38
:1092200001D988EE200A2046FFF793FEBDEC028BA1
:109230002046BDE8104000F035B8BDEC028B10BDF3
:109240000000000010B504000DD0207A00280AD0DC
:109250002068FEF751F8012084F830002046BDE870
:10926000104000F01FB810BD10B5040017D0207AD0
:10927000002814D02068FEF763F8606808B1FEF794
:10928000BBFF002084F830009FED050A204684EDE6
:109290000D0A84ED0E0ABDE8104000F003B810BDC1
:1092A0000000000010B504002DED028B8CB059D0E9
:1092B0002068002856D06946FDF754FE2046FFF787
:1092C0007BFE9DF8010084F8300094F82C00B0EE8D
:1092D000408A00289DF8020004D0012846D00228C8
:1092E00046D0002084F83200DDED030A94ED071A21
:1092F000DFED208A80EE810A20EE080A84ED110A53
:1093000020EE280A84ED100AD4ED060A20EE200A89
:1093100084ED0F0A20688068002823D090ED050AAC
:10932000B5EEC00AF1EE10FA1CDD04A9F9F77EFCD7
:109330002068DDED050A8068B8EEE01A90ED050AB8
:10934000C1EE000A94ED071A80EE810A20EE080AA9
:1093500020EE280A84ED130AD4ED060A20EE200A36
:1093600084ED120A0CB0BDEC028B10BD0220B9E7EF
:109370000120B7E7DB0FC94010B504002DED028BCB
:10938000F0EE408A4FD0207A00284CD0F5EEC08A0B
:109390009FED268AF1EE10FA01D2F0EE488A20689D
:1093A000B0EE680AFEF767F82046FFF77BFF94F8F7
:1093B0003000A8B394F83100012831D1606878B347
:1093C00094F82E1031B194ED0D0AB5EEC00AF1EE0D
:1093D00010FA20D0D4ED0D0A94ED0F0AB0EE681A01
:1093E000FEF70AFE94F82E00B8B1D4ED0D0AF5EEA2
:1093F000C00AF1EE10FA04DDB5EEC00AF1EE10FA83
:1094000009D3F5EEC00AF1EE10FA06D2B5EEC00AA5
:10941000F1EE10FA01DDB0EE480A2046FFF799FDA3
:10942000206D401C2065BDEC028B10BD00000000CB
:10943000124940F84C1F124941601249816012499B
:10944000C1601249016112494161124981611249A9
:10945000C161124901621249416212498162124995
:10946000C162124901631249416312498163124981
:10947000C16312490164124941647047959600081E
:109480000B960008D5990008679700088B9900088B
:10949000D5970008759A0008639600083D97000864
:1094A0005D99000831980008E1950008A39A00082A
:1094B0000F980008099900085B9800083D9600087D
:1094C0004199000870B5050011D0D5F84740002C2F
:1094D0000DD095F84060B01E072808D2A819617B0E
:1094E00090F82B00884203D0A06B401CA06370BD95
:1094F000324605F12C0104F12300F7F7F0F984F866
:109500002B6095F82C0084F82000022E02D995F8E3
:109510002D0000E0002084F8210095F83C0084F83C
:109520002200032E0ED195F82D00022811D0002024
:1095300084F82C0095F82D009F280CD05FF00000D7
:1095400084F82D0095F82C00352806D0362814D044
:1095500031E00120ECE70120F2E7052E2BD1E88D68
:1095600095F82D1040BA00EE100AB8EE400A09B185
:10957000B1EE400A84ED060A1DE0072E1BD155F816
:109580002E0FDFED150A00BAE97820F0FF0008433E
:1095900000EE100AB8EE400A20EE200ADFED0F0AB6
:1095A00020EE200A84ED070A15F8010C18B1B1EE7F
:1095B000400A84ED070A206B401C2063FAF7BEFCCA
:1095C0002064636C002B92D004F118012046A26C39
:1095D000BDE87040184700000000B4430000803729
:1095E00008B580B1017971B10E218DF800105221BA
:1095F0008DF80110417B8DF80210017B03236A4630
:1096000000F02BF908BD002008BD1CB5A0B10379FE
:1096100093B1F3238DF80030AB238DF801308DF832
:1096200002108DF80320417B8DF80410017B052387
:109630006A4600F012F91CBD00201CBD70B50C4636
:1096400005000DD0002C0BD001F0C4FC2C2205F13C
:1096500018012046F7F788F9BDE8704001F0DABC40
:1096600070BD08B518B103790BB1032901D90020E9
:1096700008BD9A238DF800308DF801108DF8022076
:10968000417B8DF80310017B04236A4600F0E5F866
:1096900008BD000030B587B00D4604461C21684661
:1096A000F7F7BEF964B15DB1286848B1287938B1DF
:1096B0002046FFF7BDFE207920B1012007B030BD64
:1096C0000020FBE795E80F0004F1080C8CE80F0080
:1096D000607B08B96B20607394ED040AB5EEC00A94
:1096E000F1EE10FA03D8B0EE000A84ED040A2C2142
:1096F00004F11800F7F794F900206064A064A068F2
:109700000090207B012500020190207B8DF81050F5
:1097100000020290074803908DF811500648CDE9E9
:1097200005046846F8F75EFE20600028C6D0257163
:10973000C3E7000000FFFF1FC594000808B580B113
:10974000017971B19C218DF8001048218DF801102C
:10975000417B8DF80210017B03236A4600F07DF8FF
:1097600008BD002008BDFEB5DDE9085618B1047932
:109770000CB1022D01D90020FEBD41F28834A24275
:1097800000D922460C0000D54C42FD278DF8007010
:10979000C90F8DF80110110A8DF802108DF80430F0
:1097A000210E8DF80510210C8DF806108DF808405B
:1097B0008DF80320210A8DF809508DF807108DF8D7
:1097C0000A60417B8DF80B10017B0C236A4600F088
:1097D00044F8FEBD1CB5C0B10279B2B1FC228DF8CF
:1097E00000200A0E8DF801200A0C8DF802200A0ACA
:1097F0008DF803208DF80410417B8DF80510017B56
:1098000006236A4600F029F81CBD00201CBD08B5DF
:1098100060B1027952B18DF80010417B8DF80110D2
:10982000017B02236A4600F018F808BD002008BD3D
:1098300008B580B1017971B10A218DF800106D2150
:109840008DF80110417B8DF80210017B03236A46DD
:1098500000F003F808BD002008BD2DE9F0471F46C1
:1098600090468A4604004FF001064FF0000906D0EA
:10987000207920B1B8F1000F01D0022F02D20020D0
:10988000BDE8F08701F0A6FB002084F82C0084F8E6
:109890002D0001F0BFFB2FE0B81BC5B2072D00D98A
:1098A0000725216898F8000081F82400002008E0CE
:1098B000321800F12501236818F80220401C5A5480
:1098C000C0B2A842F4D349EA0A212068F8F78EFE14
:1098D000681CC1B22068F8F76FFE94ED040A206896
:1098E000F8F790FE60B1606B401C6063701986B23F
:1098F00009F1010000F0FF09BE42CDD30120BFE70E
:10990000E06B401CE063BAE71CB5B8B10379ABB1BA
:1099100011238DF8003018238DF801308DF80210D6
:10992000110A8DF804208DF80310417B8DF8051085
:10993000017B06236A46FFF790FF1CBD00201CBD7B
:1099400070B515460E46040007D001F043FBC4E98C
:109950001165BDE8704001F05DBB70BD08B590B108
:10996000027982B193228DF8002088228DF801209F
:109970008DF80210417B8DF80310017B04236A46A9
:10998000FFF76BFF08BD002008BD7CB5069D18B130
:1099900004790CB1022B01D900207CBD41F288343E
:1099A000A14200D92146F1248DF800400C0A8DF81F
:1099B00001408DF802108DF804308DF803208DF8E9
:1099C0000550417B8DF80610017B07236A46FFF79F
:1099D00044FF7CBD1CB530B1037923B1B4EE400A1D
:1099E000F1EE10FA01D000201CBD10EE103A1D4C13
:1099F000A34202DD9FED1C0A06E010EE103A1B4C5C
:109A0000A34201D99FED1A0AB5EEC00AF1EE10FA91
:109A100002D2F1EE400A01E0F0EE400AB5EEC00AD3
:109A2000FCEEE00AF6248DF8004010EE903AF1EEDC
:109A300010FA9BB201D2012400E000248DF801400D
:109A40001C0A8DF802408DF804108DF803308DF853
:109A50000520417B8DF80610017B07236A46FFF73E
:109A6000FCFE1CBD00409C4500409C4500409CC540
:109A700000409CC508B590B1027982B1FE228DF8F4
:109A8000002098228DF801208DF80210417B8DF87E
:109A90000310017B04236A46FFF7DFFE08BD0020A8
:109AA00008BD08B580B1017971B1FF218DF80010B2
:109AB00066218DF80110417B8DF8021003236A4660
:109AC0000021FFF7CAFE08BD002008BD10B5124CEA
:109AD00003202061606111A0A06104F1A800E06191
:109AE000402020620020A06260620CA12166E0623A
:109AF00004F1E801616610212067C4E91A1060676B
:109B000009A1E01DF6F7A8FE08A12046F6F7A4FE7D
:109B10002020A07110BD0000086300205465726D04
:109B2000696E616C00000000525454005345474771
:109B3000455200000269C1688A4203D88068401A11
:109B4000104400E0501A401E70472DE9F047C468E9
:109B50001746894606464FF000083069A04201D9F1
:109B6000051B02E0B168201A0D1AB0686D1E001BBB
:109B7000A84200D80546BD4200D33D4670682A463B
:109B800020444946F6F7ABFEB0687F1B2C44A8443E
:109B9000A944A04200D10024F460002FDDD140464A
:109BA000BDE8F0872DE9F04104468846D4E9020774
:109BB000C51BE168606816460844B54206D94146AF
:109BC000F6F78DFEB819E060BDE8F0812A464146FF
:109BD000F6F785FE761B08EB050132466068F6F75E
:109BE0007EFEE660F0E703B401984100009850EA79
:109BF000C12018BF04204A0D18BF40F0010040F2F8
:109C0000FF72B2EB515F08BF40F00200012808BFAD
:109C1000052002B070474100080218BF04200A0E58
:109C200018BF40F001004FF07F4232EA010108BF47
:109C300040F00200012808BF052070470907090EFF
:109C4000002804DB00F1E02080F80014704700F0E9
:109C50000F0000F1E02080F8141D704710B54FF0A0
:109C60000E402DED028BB0EE408A18EE104A00EB4C
:109C70004400B0F1506F4AD84FF0FC40B0EB440FB5
:109C800022D2B0EEC80AF7EE000A30EEC00AF6EEB5
:109C9000000A60EE208A18EE900A01F047F801EE03
:109CA000100A14F0004F1DBFDFED2D0A9FED2D0AA5
:109CB000B1EE411ADFED2C0A08BF9FED2C0AF8EE39
:109CC000001A21EE218A05E0DFED290A68EE088AF4
:109CD000B0EE600A9FED271ADFED271A30EE080A72
:109CE00048EE811A9FED251A08EEA11ADFED241A1D
:109CF00048EE811A9FED231A08EEA11A68EE281A81
:109D0000BDEC028B01EE810A30EE200A10BD4FF04F
:109D1000E440B0EB440F0CD918EE100AFFF77BFFBC
:109D2000042808BF00F084F9B0EE480ABDEC028BAD
:109D300010BD4FF07F40B0EB440F07D2B0EE480AA1
:109D4000BDEC028BBDE8104000F063B90120F6F7CE
:109D5000EAFEBDEC028BBDE8104000F061B90000E6
:109D60000000C9BF22AAFDB90000C93F22AAFD39DF
:109D70000000000024FE1C3DC78AD83C1E67383D09
:109D80001B93993DAFAA2A3E10EE100A10B510EEB3
:109D9000901A4FF0684202EB40032DED028BB3F1B5
:109DA000654F3CBF02EB4102B2F1654F7CD200BF70
:109DB000C0F3C753C1F3C7529A1A1B2A09DD10F02A
:109DC000004F14BF9FED6E0A9FED6E0ABDEC028B33
:109DD00010BD12F11A0F1BDA11F0004F09D010F06C
:109DE000004F0CBF9FED680A9FED680ABDEC028B27
:109DF00010BD80EE208A18EE100AFFF70CFF042831
:109E000008BF00F015F9B0EE480ABDEC028B10BD9A
:109E10004200B2EB410F37D910F0004F19BFDFED10
:109E20005C1A9FED5C1ADFED5C1A9FED5C1AB0EED8
:109E3000602A0A46F1EE400A80F00041B0EE420A84
:109E400010460A1A5200B2F1807F34D2484010F016
:109E5000004FDFED532A9FED533A1DBFBEEE002A9F
:109E600071EEE21A31EE431AB6EE002A04BF71EE2B
:109E7000A21A31EE031AF0EE402A42EE602A40EEBA
:109E8000020A82EEA02A18E011F0004F04BF9FEDF5
:109E9000461AF0EE411AD4D010F0004F1CBFDFED8F
:109EA000431A9FED431A00E026E004BFDFED411A9C
:109EB0009FED411AC5E780EE202A22EE020ADFED6F
:109EC0003F0ADFED3F2ABDEC028B40EE202ADFED9A
:109ED0003D0A40EE220ADFED3C2A40EE202ADFED6B
:109EE0003B0A40EE220A22EE000A00EE201A31EE72
:109EF000020A30EE210A10BD4FF07F42B2EB400F54
:109F000028BFB2EB410F05D2BDEC028BBDE810407B
:109F100000F082B840EA01035B0008BF41F0FF4156
:109F20000BD0B2EB400F08BFB2EB410F08D120F0CD
:109F3000804000EE100A21F0804100EE901A37E7D1
:109F4000B2EB400F12BF5FEA410240F0FF4001F068
:109F500000413FF42DAF4A0092EA40033FF528AF9D
:109F6000002AACBF9FED1A1A9FED1A1A20EE010AC3
:109F700060EE810A10EE100A10EE901A18E7000049
:109F8000DB0FC9BFDB0FC93FDB0F4940DB0F49C007
:109F90000000C9BF22AAFDB90000C93F22AAFD39AD
:109FA0000060ED3EC30ACE3700000000000049C04B
:109FB00022AA7DBA0000494022AA7D3A2DAD65BD96
:109FC0008FB8D53D0FB511BE61C84C3EA8AAAABE38
:109FD0000000804F0000802F10B52DED028BB1EEF8
:109FE000C08A18EE100A20F00040C0F1FF40C00FF8
:109FF0000AD010EE100A20F00040C0F1FF40C00F60
:10A0000004BF0120F6F78FFDB0EE480ABDEC028BCD
:10A0100010BD30EE000A704730EE200A7047000095
:10A02000DFED020A80EEA00A704700000000000089
:10A030009FED020A20EE000A7047000000000010A9
:10A0400030380A2801D201207047002070470000F4
:10A0500010B5040006D0094800F087FE206801789A
:10A06000012902D072B6F8F76DFF001D00F07DFEE9
:10A07000BDE81040014800F097BE0000DC0E002053
:10A0800010B5040006D0084800F06FFE2068017883
:10A09000012902D072B6F8F755FF00210170BDE822
:10A0A0001040014800F080BEDC0E002070B50500B5
:10A0B00021D0124C207808281DD2114800F055FEFE
:10A0C0000F4821780C3000EB01100122286002704B
:10A0D0002A68121D0FD000204FEA000342F82030FA
:10A0E000401C0228FAD31372491C2170044800F066
:10A0F0005BFE012070BD72B6F8F724FF000000205F
:10A10000DC0E002010B5040006D0094800F02DFE3A
:10A1100020680178012902D072B6F8F713FF001DFC
:10A1200000F042FEBDE81040014800F03DBE0000D6
:10A13000DC0E0020B4EEE00AF1EE10FA02D2B0EE2E
:10A14000600A7047B4EEC10AF1EE10FAF9DDB0EE24
:10A15000410A7047040008D0D4F8882132B104F5D0
:10A16000B0712046904708B102E0FEE700F074F8B5
:10A17000D4F88C1109B120468847062000F02AF84F
:10A18000F6E70000044A904205D1012903D1A2F16B
:10A190003800816A084770474C030020F9F7DCFE5D
:10A1A000FEF7F4F8FCF7C6F9FCF79CF9FCF7A8FBFE
:10A1B000FCF768FAFCF7E4FAFCF718FBFCF74CFB39
:10A1C000FCF76CF900F01AF8FCF7A2F900F028F897
:10A1D000FEE7FEE710B5EFF3058111B16FF005045E
:10A1E00003E0002408B100F0CDFF204610BDEFF3DE
:10A1F000058008B101F04EBC01F046BCEFF30580CC
:10A2000010B16FF0050070470448016811B14FF0BC
:10A21000FF30704701210160002070476800002076
:10A2200010B5EFF3058010B16FF0050010BD0848C0
:10A230000168012902D04FF0FF3010BD054A00210E
:10A2400082F8141D0221016001F04CF8002010BDBD
:10A25000680000200BE000E0002000F0B9FFFEE7FE
:10A260002DE9FF414FEA01034FF00005EFF30581AF
:10A27000039549BB40B38027182100244AB31668D0
:10A2800006B1344696691EB13146761E382E02D28A
:10A290001679F60703D0002004B0BDE8F0815669B6
:10A2A00006B1B708D2F808C0BCF1000F0DD0D568D0
:10A2B0005C2D18D312693AB136B18DE806103A46D2
:10A2C000214601F0A8FB03900DE0D6685EB9126943
:10A2D0004AB903AACDE90012BAB2214601F06EFBD9
:10A2E000012800D003950398D6E700002DE9F0413E
:10A2F000134C0F460546E6682068001D00F00EFE70
:10A30000681C07D137B12168BDE8F0410D48091D2F
:10A3100000F054BE20683544B5424560216805D23E
:10A32000A06BBDE8F041091D00F030BE606B091D57
:10A3300000F02CFEA06A854200D2A562BDE8F08143
:10A3400018000020901600202DE9F041054600F08D
:10A3500041FE2D4CA068401CA06020682B4F10B11E
:10A36000606930B32BE02560A068012827D1002662
:10A3700006EB860007EB800000F0FAFD761C382E15
:10A38000F6D3234800F0F4FD2148143000F0F0FD2E
:10A390001F48283000F0ECFD1D483C3000F0E8FD7F
:10A3A0001B48503000F0E4FD194860631430A0638E
:10A3B00005E02068E96AC06A884200D82560606AC2
:10A3C000401C60626864E86A2169884200D92061A3
:10A3D00000EB800007EB8000291D00F0EFFD00F08E
:10A3E00019FE606900280CD02068E96AC06A8842BA
:10A3F00007D208494FF080500860BFF34F8FBFF37A
:10A400006F8FBDE8F081000018000020E0110020EF
:10A410004016002004ED00E038B500F0DBFD104CE4
:10A420002068C8B90F4800F0A3FD0E48143000F0B2
:10A430009FFD0C48E060143020610A4B0020F03B87
:10A44000009003F1500210210A2001F059F8206019
:10A4500010B105A100F060FEBDE8384000F0DABDA3
:10A460005400002094170020546D72510000000029
:10A4700030B4026C0B46002A0BD0C1681144C16095
:10A480008468A14201D30168C16030BC1846F6F768
:10A4900026BA30BC70472DE9F041856B174604465B
:10A4A0000026026C82B1C7B1E068F6F718FAE168DD
:10A4B000206C091AE1602268914202D2A168081A50
:10A4C000E060022F16D017E02068A8B9A06801F05C
:10A4D0004DFB06460020A0600EE06068F6F7FFF92D
:10A4E000216C606808446060A168884204D32068D9
:10A4F000606001E005B16D1E6D1CA5633046BDE8CE
:10A50000F08110B5044690F8590058B101280CD0DC
:10A5100002280FD0502080F31188BFF34F8FBFF374
:10A520006F8FFEE7206B00F089FD2046BDE81040EC
:10A5300000F084BD10BD000010484FF47051420778
:10A5400006D0C01D0D4920F00700411AC1F5705119
:10A550000B4A00230144C2E900030839183A21F0EC
:10A56000070111604B600B600B1AC0E90013936088
:10A570004FF000405360506170470000741E00208F
:10A5800084000020144E154CA6F29C474FF08058D2
:10A59000DFF84C9012E000BF00F01CFDF068C568C9
:10A5A000281D00F0BBFCA068401EA0606068401E33
:10A5B000606000F02FFD2846FFF7A3FF60680028C9
:10A5C000EAD138680128F9D9C9F80080BFF34F8F64
:10A5D000BFF36F8FF2E700007C1600201800002008
:10A5E00004ED00E070B51D46049C51B1C4F8002094
:10A5F000C4E90F010121204600F0B6FF84F84C5059
:10A6000070BD2460F4E700002DE9F05F8846DDE9C5
:10A610000B941546834691009A460A9EA522206B0C
:10A62000F6F7D4F96FF00301206B01EB85010844C4
:10A6300020F00707780707D0502080F31188BFF378
:10A640004F8FBFF36F8FFEE70025B8F1000F0FD0DB
:10A650005FF00000221818F8001082F8341018F883
:10A66000001011B1401C1028F4D384F8435001E0CD
:10A6700084F83450382E00D33726E662C4E91365D7
:10A68000201D00F080FC04F1180000F07CFC246127
:10A69000C6F138006462A061656584F8585052467E
:10A6A0005946384600F05AFA2060B9F1000F01D03F
:10A6B000C9F80040BDE8F09F30B5114900E01146EF
:10A6C0000A688242FBD34B685C18844203D140681D
:10A6D00018444860084643681C18944209D1084C45
:10A6E000183C2468A24209D052681A4442600A68A1
:10A6F00012680260814200D0086030BD0460F9E752
:10A700008400002070B5002441600B4D006191422F
:10A7100006D8D11A8269914206D2011D286907E044
:10A720009A4203D2994201D3012403E0011DE86853
:10A7300000F02CFC204670BD5400002010B50446EB
:10A7400000F048FCA06B28B15FF0000400F062FC50
:10A75000204610BD0124F9E730B589B03C4D6EE0CC
:10A760000498002806DADDE90601059A9047049866
:10A77000002864DB069C606910B1201D00F0CEFB50
:10A7800003A800F0D7F8024604980A2857D2DFE859
:10A7900000F00505052D334A05052D3394F82800F2
:10A7A00040F0010084F828000599A069059B014448
:10A7B0002046FFF7A7FF68B3216A2046884794F830
:10A7C000280040073BD5002000900598A169002390
:10A7D00042181946204601F0D3FAD8B9502080F328
:10A7E0001188BFF34F8FBFF36F8FFEE714F8280F68
:10A7F00020F00100207022E094F8280040F00100D1
:10A8000084F828000598A06128B1811813462046D5
:10A81000FFF778FF13E0502080F31188BFF34F8FCC
:10A82000BFF36F8FFEE794F82800810703D420461A
:10A8300000F004FC03E020F0010084F8280000226E
:10A8400004A9286800F0E4FF002889D109B030BDD0
:10A85000540000202DE9FC410F46054600F086FD1E
:10A8600001A800F067F80446019818B101F0F6F964
:10A87000BDE8FC81254EAFB130690068D0B3002738
:10A88000291B3A46306800F05BFC01F0E7F900282C
:10A89000EED11F494FF080500860BFF34F8FBFF3D8
:10A8A0006F8FE5E7A542EBD801F0D8F9F0682746AD
:10A8B000C068C468201D00F031FB94F828004107EF
:10A8C00019D5A0692B4641193A462046FFF71AFFD1
:10A8D000A8B100200346014600902A46204601F018
:10A8E0004FFA60B9502080F31188BFF34F8FBFF348
:10A8F0006F8FFEE707E020F0010084F82800216A4E
:10A9000020468847B4E70127BAE70000540000203A
:10A9100004ED00E00648416B096829B1416BC96844
:10A92000C9684968816270474FF0FF31FAE700005B
:10A930001800002070B5054601F0A6F8064E044642
:10A94000B068844203D200F009F8012000E0002042
:10A9500028602046B46070BD54000020F8B5194D41
:10A9600020E0C068C4680668201D00F0D7FA216A9C
:10A970002046884794F82800400713D5A069304442
:10A98000B04206D924616060211DE86800F0FEFA3B
:10A9900008E000200346014600903246204601F0C0
:10A9A000EFF938B1E86801680029DAD12969C5E909
:10A9B0000310F8BD502080F31188BFF34F8FBFF311
:10A9C0006F8FFEE75400002008484068401C4FF09D
:10A9D000500080F3118804D0BFF34F8FBFF36F8F07
:10A9E000FEE7BFF34F8FBFF36F8FFEE78C000020B1
:10A9F000074CE068016841B1C0680021D0F8000050
:10AA0000FFF728FFFFF7A8FEF3E701210020F7E793
:10AA1000540000202DE9F041044600F0DBFA94F9DF
:10AA2000455004F1240609E0606A48B1304601F05F
:10AA3000DDF808B100F01CFC6D1E6DB2002DF3DCDA
:10AA40004FF0FF3684F8456000F0E4FA00F0C2FAF7
:10AA500094F9445004F1100709E0206948B13846E0
:10AA600001F0C4F808B100F003FC6D1E6DB2002DBA
:10AA7000F3DC84F84460BDE8F04100F0CBBA00009C
:10AA80002DE9F0410546002700F070FC324E306899
:10AA900008B9FFF751FD706905424ED1C5B30835BD
:10AAA00068070ED005F00700C0F1080005446807EC
:10AAB00007D0502080F31188BFF34F8FBFF36F8F03
:10AAC000FEE72DB37068854237D823481830014619
:10AAD0000C6801E020460C466168A94202D2216858
:10AAE0000029F7D131688C4227D0076821680160BE
:10AAF00060680837411B10290FD96019420708D038
:10AB0000502080F31188BFF34F8FBFF36F8FFEE7A4
:10AB100013E041606560FFF7CFFD61687068401A1F
:10AB20007060B268904200D2B0607069014300204A
:10AB3000C4E90001F068401CF06001F08FF878076C
:10AB400007D0502080F31188BFF34F8FBFF36F8F72
:10AB5000FEE73846BDE8F0816C00002010B5031F09
:10AB60004FF080741C601B1F21F001011960191F38
:10AB7000044B0B6014390A60091F6FF0020244385D
:10AB80000A6010BDC9A9000810B5B4B020225B4905
:10AB90006846F5F7E9FE594808A9743840680990F5
:10ABA0005748CDF820D0C26D904754491422203127
:10ABB0006846F5F7D9FE52486946A830026B9047BF
:10ABC0004E4A343207CA8DE807004D486946703056
:10ABD000C26990474949242240316846F5F7C4FECE
:10ABE00048486946D0F838249047444914226431D3
:10ABF0006846F5F7B9FE41491422783105A8F5F702
:10AC0000B3FE3F486946F030D0F8C42090473E4834
:10AC100005A9D0F8C4209047384968228C3168468D
:10AC2000F5F7A2FE35496822F4311AA8F5F79CFE23
:10AC300035486946E430D0F88820904733481AA94F
:10AC4000D0F8882090472C2231496846F5F78CFED1
:10AC50002F492C222C310BA8F5F786FE2B4869468C
:10AC6000A830C26E90472B480BA9C26E9047284966
:10AC7000242258316846F5F777FE254924227C3195
:10AC800009A8F5F771FE234869468C30426D90475C
:10AC9000214809A9426D90471F481D497430A031D1
:10ACA000026D90471A48B4301EC88DE81E000FC8C8
:10ACB00004AC84E80F0018486946E830C26C90473D
:10ACC000104804A99438C26C90470C4A13496C3A56
:10ACD0001348FFF7C5FA114C084A0C3C483A20606B
:10ACE00000211048FFF7BCFA044A6060243A0021B2
:10ACF0000D48FFF7B5FAA06034B010BDC8C1000818
:10AD0000A4020020480A0020780400200406002045
:10AD100024C3000838070020380800200001002064
:10AD200055A10008D3A10008DDAD000810B500EE64
:10AD3000100A2DED028BB1EEC08A18EE100A20F039
:10AD40000040C0F1FF40C00F0AD010EE100A20F002
:10AD50000040C0F1FF40C00F04BF0120F5F7E3FE43
:10AD600018EE100ABDEC028B10BD10B510B1027ABE
:10AD7000022A02D372B6F8F7E5F8EFF3058171B154
:10AD80005021EFF3118381F31188BFF34F8FBFF38D
:10AD90006F8F40F82230017A491C017210BDBDE866
:10ADA000104000F017B9000010B5002809D000BF0E
:10ADB000EFF3058141B1017A491EC9B2017202293E
:10ADC00006D372B6F8F7BEF8BDE8104000F022B91D
:10ADD00050F8210080F3118810BD00004FF47A75FF
:10ADE0008CB02846FFF7F6F9484C35212046D4F8B8
:10ADF000802090476420FFF7EDF9D4F88C20694655
:10AE000020469047424A9DED000A82ED000A9DEDE2
:10AE1000010A82ED010A9DF8080010729DF80900F0
:10AE200050729DF80A0090729DF80B00D0729DF848
:10AE30000C0010739DF80D0050739DF80E00907378
:10AE40009DF80F00D0739DF8100010749DF811004C
:10AE500050749DF8120090749DF81300D0749DF802
:10AE6000140010759DF815005075069890610798AC
:10AE7000D06108981062099850620A98906206980A
:10AE8000236D4FF00002C0B30121204698476E1099
:10AE90003146204600F0A8FF0022636D14219FED8B
:10AEA0001D0A204698476F003946204600F09CFF57
:10AEB000626E0021204690472946204600F094FF0C
:10AEC0000022636D14219FED140A204698473946ED
:10AED000204600F089FF626E0021204690473146EF
:10AEE000204600F081FF0022236D1146204698473E
:10AEF0006421064800F078FFFAE7FFE700210348E5
:10AF000098472846FFF766F9FBE70000B4090020E0
:10AF1000805A00200000C8420000C8C2D0E90132B7
:10AF200001699A60D0E901235A604A68824201D1DE
:10AF300082684A60002202610868401E0860086852
:10AF400070470000034B036003F15C000860802041
:10AF500010607047BC170020044B036003F15C00D5
:10AF600008604FF48070106070470000181A0020CD
:10AF700000F108014FF0FF32C0E90112C160016128
:10AF800000210160704700210161704730B50B68F6
:10AF90005A1C02D000F1080202E0026904E02246D5
:10AFA000546825689D42FAD953684B6099608A605D
:10AFB000516008610168491C016030BD42684A6007
:10AFC00093688B6093685960916008610168491CBF
:10AFD00001607047502080F31188BFF34F8FBFF39B
:10AFE0006F8F0A494868401C486001280CD1084806
:10AFF000006810F0FF0F07D0502080F31188BFF3D6
:10B000004F8FBFF36F8FFEE7704700008C0000206A
:10B0100004ED00E00849486828B1401E486001D1AD
:10B0200080F311887047502080F31188BFF34F8F51
:10B03000BFF36F8FFEE700008C00002070B5002882
:10B040002AD0164DA0F1080460686969084207D14A
:10B05000502080F31188BFF34F8FBFF36F8FFEE74F
:10B0600022683AB1502080F31188BFF34F8FBFF3AD
:10B070006F8FFEE78843606000F078F96068696868
:10B08000084468602046FFF717FB2869401C2861C8
:10B09000BDE8704000F0E2BD70BD00006C00002013
:10B0A0004FF0E02000210161816105494FF47A727F
:10B0B0000968B1FBF2F1491E416107210161704746
:10B0C0001400002010B5F5F787F9114910280ED3A8
:10B0D00000F1E02090F8F0030A78904207D2502067
:10B0E00080F31188BFF34F8FBFF36F8FFEE70948DE
:10B0F0000068896800F4E060884207D9502080F336
:10B100001188BFF34F8FBFF36F8FFEE710BD0000B4
:10B110008C0000200CED00E010B5084B002200BFB1
:10B1200053F832401CB1521C082AF9D310BD43F821
:10B13000321003EBC201486010BD0000A0110020D6
:10B1400070B515460E460446FFF744FF94F94410C7
:10B150000020491C01D184F8440094F94510491C91
:10B1600001D184F84500FFF755FFA06B28B92A46A6
:10B17000314604F1240000F099F82046BDE8704003
:10B18000FFF748BC10B5020014D00F48006B38B16F
:10B19000502080F31188BFF34F8FBFF36F8FFEE70E
:10B1A00000F0E4F800211046FFF7A0F800F056FD8B
:10B1B000002807D105494FF080500860BFF34F8F3A
:10B1C000BFF36F8F10BD00001800002004ED00E0F9
:10B1D00070B50546FFF7FEFE1E4C05B92568281D13
:10B1E000FFF79CFEA86A18B105F11800FFF796FE5C
:10B1F000606A401C60622068854207D1291D16489C
:10B20000FFF7DCFE6068401C606007E0A068401E3D
:10B21000A0602846FFF775F9FFF77CFBFFF7FAFE01
:10B220006069002814D02068854211D1206B38B1A4
:10B23000502080F31188BFF34F8FBFF36F8FFEE76D
:10B2400006494FF080500860BFF34F8FBFF36F8FF8
:10B2500070BD0000180000207C16002004ED00E006
:10B2600002490A6A0260C9684160704718000020FC
:10B2700001490120C86170471800002010B50C4634
:10B2800050B1094909681831FFF780FE2046BDE832
:10B2900010400121FFF72AB8502080F31188BFF336
:10B2A0004F8FBFF36F8FFEE71800002070B5144674
:10B2B0000D4668B10A4909681831FFF77FFE0CB1E5
:10B2C0004FF0FF3521462846BDE87040FFF70EB825
:10B2D000502080F31188BFF34F8FBFF36F8FFEE7CD
:10B2E0001800002030B587B00024039405AA04A9F3
:10B2F00003A80494FFF726FEDDE903010094CDE9DD
:10B300000110002315A11748059A00F084FB164D83
:10B310000028E8621FD000F003FD012809D0401C7E
:10B3200019D1502080F31188BFF34F8FBFF36F8F77
:10B33000FEE7502080F31188BFF34F8FBFF36F8F6C
:10B340004FF0FF30A86201206861EC6007B0BDE8F3
:10B35000304000F045B807B030BD000049444C45CE
:10B360000000000085A50008180000200248016BBD
:10B37000491C01637047000018000020164810B5F2
:10B38000016B11B10121C16110BD0021C1610169D1
:10B39000124A01E0B9B1491E01EB810352F8233092
:10B3A000002BF7D001EB810302EB830202F10804CA
:10B3B00053685B685360A34201D15B685360DA68ED
:10B3C0000260016110BD502080F31188BFF34F8FE0
:10B3D000BFF36F8FFEE7000018000020E01100208F
:10B3E0001CB537480168374A914207D1502080F395
:10B3F0001188BFF34F8FBFF36F8FFEE700683149AD
:10B40000491E884207D1502080F31188BFF34F8F27
:10B41000BFF36F8FFEE72C4908780190FF2008707A
:10B4200008788DF800009DF800009DF8002000F0DD
:10B43000F000904207D0502080F31188BFF34F8F67
:10B44000BFF36F8FFEE79DF80000204C00F0500026
:10B4500020700720A06005E09DF8002052008DF8C4
:10B460000020401E9DF800201206F5D4A06003289D
:10B4700007D0502080F31188BFF34F8FBFF36F8F39
:10B48000FEE74FF44070A060019808700C4820302F
:10B49000016841F470010160016841F07041016090
:10B4A000FFF7FEFD00206060F4F75EFF08480168CA
:10B4B00041F040410160F4F743FF00201CBD000053
:10B4C00000ED00E071C20F4100E400E08C000020BC
:10B4D00034EF00E010B5502080F31188BFF34F8F98
:10B4E000BFF36F8F00F0DEFA18B104494FF08050BF
:10B4F0000860002080F3118810BD000004ED00E01A
:10B5000038B5049D18B153B1CAB181B120E05020C3
:10B5100080F31188BFF34F8FBFF36F8FFEE750208A
:10B5200080F31188BFF34F8FBFF36F8FFEE750207A
:10B5300080F31188BFF34F8FBFF36F8FFEE739B1F0
:10B54000502080F31188BFF34F8FBFF36F8FFEE75A
:10B5500050241C46012384F846302B460094FFF704
:10B5600041F8204638BD000070B50D46040025D0D6
:10B57000FFF730FDD4E90F20216802FB0011A16024
:10B580000021A163216861600A46D4E90F01401ED1
:10B5900000FB0121E16021464FF0FF3001F8440F2C
:10B5A000487004F110008DB1FFF7E2FC04F12400B3
:10B5B000FFF7DEFCFFF72EFD012070BD502080F369
:10B5C0001188BFF34F8FBFF36F8FFEE7216900290A
:10B5D000F0D000F00BFB0028ECD004494FF0805075
:10B5E0000860BFF34F8FBFF36F8FE3E704ED00E018
:10B5F0002DE9FF4782B01D468A464FF0000804003F
:10B6000003D0BAF1000F08D011E0502080F3118868
:10B61000BFF34F8FBFF36F8FFEE7206C38B1502020
:10B6200080F31188BFF34F8FBFF36F8FFEE7022DBA
:10B630000AD1E06B012807D0502080F31188BFF3B6
:10B640004F8FBFF36F8FFEE700F010FA3F4F4FF0C0
:10B6500000094FF0805648B9049838B1502080F363
:10B660001188BFF34F8FBFF36F8FFEE7FFF7B2FC78
:10B67000A06BE16B884207D3022D05D00498D0B1AE
:10B68000B8F1000F1AD01EE02A4651462046FEF7B8
:10B6900002FF616A19B104F1240000F0A7FA20B199
:10B6A0003E60BFF34F8FBFF36F8FFFF7B3FC0120F6
:10B6B00006B0BDE8F087FFF7ADFC22E06846FFF773
:10B6C000CFFD4FF00108FFF7A5FCFFF74FFEFFF796
:10B6D00081FC94F94400401C01D184F8449094F911
:10B6E0004500401C01D184F84590FFF793FC04A964
:10B6F000684600F029F930B12046FFF78BF900F0D9
:10B70000ADFA0020D4E7FFF765FCA06BE16B88423F
:10B7100013D1FFF77FFC04F110000499FFF7AEFD91
:10B720002046FFF777F900F099FA00289ED13E6095
:10B73000BFF34F8FBFF36F8F98E7FFF76BFC204687
:10B74000FFF768F900F08AFA90E7000004ED00E0E6
:10B750002DE9F0471F4690468946040003D0B9F111
:10B76000000F08D011E0502080F31188BFF34F8FF5
:10B77000BFF36F8FFEE7206C38B1502080F3118843
:10B78000BFF34F8FBFF36F8FFEE7022F0AD1E06B3D
:10B79000012807D0502080F31188BFF34F8FBFF3EB
:10B7A0006F8FFEE7FFF78EFC5020EFF3118680F3DA
:10B7B0001188BFF34F8FBFF36F8FA06BE16B88428F
:10B7C00006D3022F04D0002086F31188BDE8F0874D
:10B7D00094F94550A06B3A4649462046FEF75BFE79
:10B7E000681C04D06D1C84F845500120ECE7606AA9
:10B7F0000028FAD004F1240000F0F8F90028F4D071
:10B80000B8F1000FF1D00121C8F80010EDE70000F9
:10B810002DE9F747002683B08A46040003D0BAF129
:10B82000000F08D011E0502080F31188BFF34F8F34
:10B83000BFF36F8FFEE7206C38B1502080F3118882
:10B84000BFF34F8FBFF36F8FFEE700F00FF9DFF804
:10B85000F4804FF000094FF0805748B9059838B18F
:10B86000502080F31188BFF34F8FBFF36F8FFEE737
:10B87000FFF7B0FBA56BC5B151462046FEF7F8FDBA
:10B880006D1EA563206950B104F1100000F0AEF9FF
:10B8900028B1C8F80070BFF34F8FBFF36F8FFFF769
:10B8A000B9FB012006B0BDE8F087059808B11EB1CC
:10B8B00006E0FFF7AFFB27E06846FFF7D1FC012663
:10B8C000FFF7A8FBFFF752FDFFF784FB94F9440054
:10B8D000401C01D184F8449094F94500401C01D1EA
:10B8E00084F84590FFF796FB05A9684600F02CF810
:10B8F000002820460AD0FFF78DF800F0AFF9204667
:10B90000FEF71CFF0028B3D00020CBE7FEF716FFA0
:10B9100090B104F124000599FFF7B0FC2046FFF731
:10B9200079F800F09BF90028A2D1C8F80070BFF3A5
:10B930004F8FBFF36F8F9BE72046FFF76BF800F048
:10B940008DF995E704ED00E02DE9F0410C46050086
:10B9500011D0C4B1FFF73EFB174BDA686E68206860
:10B96000911B471C17D02F681B6A9F4219D0964223
:10B9700017D8012410E0502080F31188BFF34F8FB7
:10B98000BFF36F8FFEE7502080F31188BFF34F8F16
:10B99000BFF36F8FFEE70024FFF73CFB2046BDE8B6
:10B9A000F081884205D9401A20602846FFF758FCEC
:10B9B000F1E700202060DCE7180000202DE9FF5FA0
:10B9C0008346DDE90E87994616468A469000FFF7C2
:10B9D00057F805001CD05C20FFF752F8040014D083
:10B9E0000020256384F85900CDE90240CDE90087A5
:10B9F0004B46324651465846FEF706FE2046FEF7B5
:10BA0000A3FC012004B0BDE8F09F2846FFF716FB19
:10BA10004FF0FF30F6E7F0B585B0DDE90B640A9D25
:10BA2000A6B1DCB15C2700972663022684F8596032
:10BA3000002604AFCDE90246CDE90057FEF7E4FD4C
:10BA40002046FEF781FC049805B0F0BD502080F33D
:10BA50001188BFF34F8FBFF36F8FFEE7502080F345
:10BA60001188BFF34F8FBFF36F8FFEE70548416921
:10BA700019B1006B18B100207047012070470220F7
:10BA800070470000180000200148C068704700009F
:10BA90001800002010B5FFF715FB0148C06810BD65
:10BAA000180000202DE9F0412E4C0027206B28B112
:10BAB000A069401CA0613846BDE8F081E668761CAC
:10BAC000E66013D1606B006838B1502080F31188B4
:10BAD000BFF34F8FBFF36F8FFEE7606BA16B6163A6
:10BAE000A063206A401C2062FEF714FFA06ADFF802
:10BAF0007880864209D3606B0068A0B1606BC06833
:10BB0000C5686868864211D2A0622068C06A00EBEE
:10BB1000800158F82100012800D90127E069002898
:10BB2000C9D00127C7E74FF0FF30EDE7281DFFF729
:10BB3000F5F9A86A18B105F11800FFF7EFF9E86AFE
:10BB40002169884200D9206100EB800108EB810067
:10BB5000291DFFF733FAE86A2168C96A8842CAD307
:10BB60000127C8E718000020E011002070B504008C
:10BB70004FF0000133D01B4D2868844207D050207D
:10BB800080F31188BFF34F8FBFF36F8FFEE7206DF7
:10BB900038B1401E2065E36CE26A9A421FD040B182
:10BBA0001DE0502080F31188BFF34F8FBFF36F8FDC
:10BBB000FEE7201DFFF7B2F9E06CE062C0F138004B
:10BBC000A061E06A2969884200D92861064900EB32
:10BBD000800001EB8000211DFFF7F0F901210846EC
:10BBE00070BD000018000020E011002070B5C06892
:10BBF000C46854B104F118000646FFF78FF9144DDC
:10BC0000286B50B13146134815E0502080F311885D
:10BC1000BFF34F8FBFF36F8FFEE7201DFFF77EF955
:10BC2000E06A2969884200D928610B4900EB80004D
:10BC300001EB8000211DFFF7C1F9E06A2968C96A9C
:10BC4000884202D90120E86170BD002070BD00006B
:10BC50001800002068160020E01100202DE9F047B0
:10BC60002C4D00242746286B38B1FFF7B3F9286B19
:10BC7000401E2863286B40B146E0502080F31188B5
:10BC8000BFF34F8FBFF36F8FFEE7A968224E0120ED
:10BC9000D1B3A6F5916980463068E0B1F068C46818
:10BCA00004F11800FFF73AF9201DFFF737F9E06AB1
:10BCB0002969884200D9286100EB800109EB8100E5
:10BCC000211DFFF77BF9E06A2968C96A8842E3D33E
:10BCD000C5F81C80E0E70CB1FEF71CFEAC694CB166
:10BCE0004FEA0806FFF7DEFE00B1EE61641EF9D1EF
:10BCF0000020A861E86938B10849012738070860C1
:10BD0000BFF34F8FBFF36F8FFFF784F93846BDE85D
:10BD1000F0870000180000206816002004ED00E005
:10BD200010B586B0FEF778FB114C2068B8B1002042
:10BD30000390049005AA04A903A8FFF70DF9DDE913
:10BD4000032102208DE8070000230AA10B48059A71
:10BD5000FFF761FE606010B106B0012010BD5020F9
:10BD600080F31188BFF34F8FBFF36F8FFEE70000A2
:10BD700054000020546D722053766300F1A900082E
:10BD80002DE9FF411E46134602000A9D4FF00000B8
:10BD900016D0144C2768002F0FD0CDE90013029263
:10BDA000062917DAFFF762FE02284FF000030FD0D2
:10BDB000002269462068FFF71BFC04B0BDE8F08153
:10BDC000502080F31188BFF34F8FBFF36F8FFEE7D2
:10BDD0002A46EEE70023324669463846FFF7B8FCAC
:10BDE000EBE7000054000020F0B58BB00F4605468D
:10BDF000FEF7FDF92C4C0646D5F880203521284663
:10BE000090470520FEF7E6F9D5F880203621284630
:10BE100090470F20FEF7DEF9D5F88C2069462846BA
:10BE200090479DED000A84ED000A9DED010A84ED26
:10BE3000010A9DF8080020729DF8090060729DF8C3
:10BE40000A00A0729DF80B00E0729DF80C002073B0
:10BE50009DF80D0060739DF80E00A0739DF80F0013
:10BE6000E0739DF8100020749DF8110060749DF837
:10BE70001200A0749DF81300E0749DF81400207562
:10BE80009DF8150060750698A0610798E061089814
:10BE90002062099860620A98A062FEF7A8F9801BE8
:10BEA000B842A9D30BB0F0BD805A002010B50029CC
:10BEB0000AD00878002807D005487844F5F7E0FD57
:10BEC000002801D0002010BD0248784410BD0000B9
:10BED000320800002A08000010B500290AD00878AE
:10BEE000002807D005487844F5F7CAFD002801D09E
:10BEF000002010BD0248784410BD00002208000058
:10BF00001A0800004FF04070E1EE100A7047F5F794
:10BF100068B9F5F79DBA000010C5000800000000E0
:10BF2000000000000000000000000000000200000F
:10BF300018000000000000000000000000061016BD
:10BF400000061016000000000000000001020304BB
:10BF5000060708090000000001020304FE010D8528
:10BF6000040D88010D8C060D8DF00D8F000DFE0067
:10BF70000D83010D000000000000005F00000007BD
:10BF8000000700147F147F14242A7F2A1223130829
:10BF9000646236495522500005030000001C22410E
:10BFA000000041221C0014083E081408083E08083E
:10BFB00000503000000808080808006060000020F9
:10BFC000100804023E5149453E00427F4000426154
:10BFD0005149462141454B311814127F10274545E0
:10BFE00045393C4A494930017109050336494949F7
:10BFF00036064949291E0036360000005636000034
:10C0000008142241001414141414004122140802CC
:10C0100001510906324979413E7E1111117E7F4955
:10C020004949363E414141227F4141221C7F4949D5
:10C0300049417F090909013E4149497A7F080808B9
:10C040007F00417F41002040413F017F0814224191
:10C050007F404040407F020C027F7F0408107F3EFB
:10C060004141413E7F090909063E4151215E7F0958
:10C07000192946464949493101017F01013F4040A4
:10C08000403F1F2040201F3F4038403F63140814AA
:10C090006307087008076151494543007F4141002B
:10C0A00002040810200041417F0004020102044004
:10C0B00040404040000102040020545454787F481E
:10C0C0004444383844444420384444487F38545425
:10C0D0005418087E0901020C5252523E7F08040493
:10C0E0007800447D40002040443D007F10284400FB
:10C0F00000417F40007C041804787C0804047838F0
:10C10000444444387C14141408081414187C7C0823
:10C110000404084854545420043F4440203C404008
:10C12000207C1C2040201C3C4030403C44281028EF
:10C13000440C5050503C4464544C44000836410078
:10C1400000007F0000004136080008040810088045
:10C150000D000000000000000400000028C50008D9
:10C1600000000000000000000000000000000000CF
:10C17000000200002000000000000000000000009D
:10C1800034C50008000000000000000000000000AE
:10C190000000000000080000200000000000000077
:10C1A0000000000040C50008000000000000000082
:10C1B000000000000000000000020000200000005D
:10C1C0000000000000000000000802400100000024
:10C1D00000080240020000000008024004000000C5
:10C1E00000080240080000000000024001000102B7
:10C1F0003200000085A10008000000000004024099
:10C20000040001001CC5000800000000010000003F
:10C210000000024008000000000002401000000082
:10C22000020000000000000000000000D80F002005
:10C230003C00000001000000000050420105000029
:10C24000201000203C0000000000000000005042D0
:10C25000010500000000000068100020040000003C
:10C260006F12833A00000000000000000000000090
:10C270000000000000000000000100000008024073
:10C2800000020000000C0240080000000000000056
:10C2900000000000000101000100000094030020E4
:10C2A000CDCCCC3D0000803F00000000000000002D
:10C2B000000000000000000000000000000000007E
:10C2C00068100020080000006F12833A0000000090
:10C2D000000000000000000000000000000000005E
:10C2E00000010000000802400010000000080240A9
:10C2F000000100000000000000000000000101003B
:10C300000100000078040020CDCCCC3D0000803F2F
:10C31000000000000000000000000000000000001D
:10C3200000000000000020400000803F00000000EE
:10C3300001000000000080BF0000803F01000000FD
:10C34000000000BF0000003FA69B443B010000002E
:10C35000000020400000803F0000000001000000BD
:10C36000000080BF0000803F01000000000000BF0F
:10C370000000003FA69B443B010000005C0500203C
:10C38000AC06002001000000B81E053D0000E041A1
:10C390009A99993F000080BF0000803F0000010093
:10C3A00004060020380700200100000045BB0A3DBC
:10C3B0000000E0419A99993F000080BF0000803F53
:10C3C00000000100F8C3000800C4000802000000DB
:10C3D0000000000001000000680F0020016B000059
:10C3E0000000004000000000680F0020026B000009
:10C3F0000000004000000000C407002038080020B2
:10C400000000803FA470FDBD0000803FA470FD3D92
:10C41000040000080000000000000002000100000D
:10C420001000000000000000000000003031323336
:10C430003435363738394142434445464030580058
:10C44000303132333435363738396162636465668A
:10C450004030780030313233343536373839616224
:10C46000636465667870003031323334353637387E
:10C470003941424344454658500000000240000004
:10C48000000000A00000000005400000000000C8FF
:10C49000000000000C4000000000409C0000000074
:10C4A000194000000020BCBE000000003440000025
:10C4B000BFC91B8E00000004B5400000504BCFD018
:10C4C0006607E2CF010000006C4100003E8251AAE5
:10C4D000DFEEA73401000000D9420000DCB5A0E285
:10C4E0003A301F97FFFFFFFFB4450000FD25A0C8AD
:10C4F000E9A3C14FFFFFFFFFFF3F000000000080E6
:10C5000000000000FF3F000000000080000000006D
:10C5100064656661756C745461736B004772656520
:10C520006E204C4544000000696D75305461736B9A
:10C53000000000006F6C65645461736B00000000C4
:10C54000746573745461736B0000000020202573C0
:10C5500025735B6273705F63616E5D2043414E20A3
:10C560004D41494C626F782066756C6C2120666184
:10C57000696C656420746F20616464206D7367204A
:10C58000746F206D61696C626F782E20436E742029
:10C590005B25645D0D0A25730000000020202573D3
:10C5A00025735B7D6273705F63616E5D2043414EF6
:10C5B000206964206372617368202C7478205B2585
:10C5C000645D206F72207278205B25645D20616C51
:10C5D00072656164792072656769737465726564F8
:10C5E0000D0A2573000000002020257325735B626F
:10C5F00073705F63616E5D2043414E20444C432065
:10C600006572726F722120636865636B20796F7544
:10C610007220636F6465206F722077696C6420708C
:10C620006F696E7465720D0A2573000020202573F2
:10C6300025735B6273705F63616E5D2043414E20C2
:10C64000696E7374616E63652065786365656465A2
:10C6500064204D4158206E756D2C20636F6E736998
:10C660006465722062616C616E6365207468652028
:10C670006C6F6164206F662043414E206275730DBC
:10C680000A2573002020257325735B6273705F7524
:10C69000736172745D205553415254206572726FFC
:10C6A000722063616C6C6261636B2074726967678E
:10C6B000657265642C20696E7374616E63652069B0
:10C6C0006478205B25645D0D0A25730018C8000896
:10C6D00000000020DC0E0000C4010008E0C90008D2
:10C6E000DC0E0020846D0000200200081C00000009
:10C6F00043000000F8FFFFFF0C0000000E000000E8
:10C700000F0000002E000000100100004300000098
:10C71000F8FFFFFF00404040404040404040414162
:10C720004141414040404040404040404040404006
:10C7300040404040400502020202020202020202A0
:10C74000020202020220202020202020202020029D
:10C75000020202020202909090909090101010102D
:10C7600010101010101010101010101010101010C9
:10C77000020202020202888888888888080808085D
:10C780000808080808080808080808080808080829
:10C790000202020240000000000000000000000051
:10C7A0000000000000000000000000000000000089
:10C7B0000000000000000000000000000000000079
:10C7C0000000000000000000000000000000000069
:10C7D0000000000000000000000000000000000059
:10C7E0000000000000000000000000000000000049
:10C7F0000000000000000000000000000000000039
:10C800000000000000000000000000000000000028
:10C810000000000000000000813201821003792432
:10C82000F41AAA0141356F12033C623F5A80088115
:10C83000033680BF02FFFA016213D95D14083B5E24
:10C840002308984220324013B0101420756D1B0845
:10C85000D4141A31084112161A010221134FC11BB8
:10C8600008500413E95C1B08BB381A79081A310414
:10C870001A9F041A55041AC304015C1309301408E2
:10C880002B311B08FD0813C92F1B08E304011C13DF
:10C8900031631B08F7041AF104134B641B086F047F
:10C8A0001AFD0C1A1104013013F9611C08BD62F461
:10C8B00019081A2D041AD50C1A490801C4134D2C55
:10C8C0001408A12D1B08C10413012E1B0831081ADE
:10C8D00025141A45041A2D0409FDE4016D13956F02
:10C8E0001408F972140841731B08C9081AE3041AE2
:10C8F00055041377741B08651C09FDA801151B4915
:10C90000818C1A7F0419081371821B085F041A2D89
:10C91000041A07041A311409DE8C13CD8F1408454C
:10C92000921B08690413A1911B0889041379931BB6
:10C930000855081A911C09C274139127140871290B
:10C940001B08A504139B281B0873041A8504130DE8
:10C950002B1B0841081A6920014C1395961B080BE4
:10C960000413D599140867971B088B081AD5081368
:10C97000759A1B0863181A3D0C1A5D14133198142C
:10C9800008E1951B08A3181A0F0C1A09141A5B0862
:10C990001A3D241A410C09DE9401FF01FF01FF0139
:10C9A000EF13D5791408857B1408517C1408BD75E4
:10C9B0001C0869780C12771B08AD041325761B0838
:10C9C000FB081A0B041AE10C1AFD241ADF041AC121
:10C9D000041A79041A9D041ABF401102160E0000B1
:040000050800018965
:00000001FF
